Unnamed: 0,AWARD
1954_San-Antonio_Messieurs-les-hommes,not_awarded
1957_Pagnol-Marcel_La-Gloire-de-mon-pere,not_awarded
1957_Simenon-Georges_Maigret-voyage,not_awarded
2001_Millet-Catherine_La-Vie-Sexuelle-De-Catherine-M.,not_awarded
1908_Le-Rouge-Gustave_Le-Prisonnier-de-la-planete-Mars,not_awarded
1978_Boileau-Narcejac_L-age-bete,not_awarded
2013_Darrieussecq-Marie_Il-faut-beaucoup-aimer-les-hommes,awarded
1910_Ivoi-Paul-d-_Millionnaire-malgre-lui_tome-2,not_awarded
1959_Queneau-Raymond_Zazie-Dans-Le-Metro,not_awarded
1984_Daeninckx-Didier_Le-Geant-Inacheve,not_awarded
1926_Colette_La-Fin-de-Cheri,not_awarded
2010_Modiano-Patrick_L-horizon,not_awarded
1992_Germain-Sylvie_La-pleurante-des-rues-de-Prague,not_awarded
2008_Quignard-Pascal_Boutes,not_awarded
1974_San-Antonio_Mets-ton-doigt-ou-j-ai-mon-doigt,not_awarded
1950_Hemon-Louis_Monsieur-Ripois-et-la-Nemesis,not_awarded
2006_Millet-Richard_Devorations,not_awarded
1931_Simenon-Georges_La-danseuse-du-Gai-Moulin,not_awarded
1903_Chabrier-Rieder-Charlotte_Les-Enfants-du-Luxembourg,not_awarded
1929_Crevel-Rene_Etes-vous-fous-,not_awarded
1998_Nothomb-Amelie_Mercure,not_awarded
1953_San-Antonio_Des-dragees-sans-bapteme,not_awarded
1906_Morin-Louis_Grand-mere-avait-des-defauts-,not_awarded
2006_Quignard-Pascal_Villa-Amalia,not_awarded
1960_Delly_Le-sceau-de-Satan,not_awarded
2014_Kerangal-Maylis-de_A-ce-stade-de-la-nuit,not_awarded
2014_Rolin-Jean_Les-evenements,not_awarded
1994_Houellebecq-Michel_Extension-du-domaine-de-la-lutte,not_awarded
2009_Germain-Sylvie_Hors-champ,not_awarded
2008_Grange-Jean-Christophe_Miserere,not_awarded
1909_Barres-Maurice_Colette-Baudoche,not_awarded
1996_Nothomb-Amelie_Peplum,not_awarded
1906_Gide-Andre_Amyntas,not_awarded
1909_Zevaco-Michel_Les-Amants-de-Venise,not_awarded
2005_de-Vigan-Delphine_Les-jolis-garçons,not_awarded
1909_Zevaco-Michel_Le-Pont-des-soupirs,not_awarded
2012_Echenoz-Jean_14,not_awarded
1996_Rolin-Jean_L-Organisation,awarded
2000_Bouraoui-Nina_Garcon-Manque,not_awarded
1923_Chateaubriant-Alphonse-de_La-Briere,awarded
1928_Delly_Cœurs-ennemis-Laquelle,not_awarded
2004_Damasio-Alain_La-Horde-du-Contrevent,not_awarded
1954_San-Antonio_Bas-les-pattes,not_awarded
1953_San-Antonio_Des-clientes-pour-la-morgue,not_awarded
1964_Simenon-Georges_Maigret-et-le-fantome,not_awarded
2001_Daeninckx-Didier_12-rue-Meckert,not_awarded
1931_Simenon-Georges_La-tete-d-un-homme,not_awarded
1958_San-Antonio_En-long-en-large-et-en-travers,not_awarded
2012_Leger-Nathalie_Supplement-a-la-vie-de-Barbara-Loden,awarded
1973_Ionesco-Eugene_Le-solitaire,awarded
2009_Michon-Pierre_Les-Onze,awarded
1948_Veuzit-Max-du_Sainte-Sauvage,not_awarded
1906_Bordeaux-Henry_Les-Roquevillard,not_awarded
2007_Modiano-Patrick_Dans-le-cafe-de-la-jeunesse-perdue,not_awarded
1903_Colette_Claudine-s-en-va,not_awarded
1927_Kessel-Joseph_Les-coeurs-purs,not_awarded
1924_Radiguet-Raymond_Le-Bal-du-comte-d-Orgel,not_awarded
1923_Istrati-Panait_Les-recits-d-Adrien-Zograffi_I,not_awarded
1997_Ernaux-Annie_La-honte,not_awarded
1969_Simenon-Georges_Maigret-et-le-tueur,not_awarded
1918_Genestoux-Magdeleine-du_Noemie-Hollemechette-Journal-d-une-petite-refugiee-belge,not_awarded
1961_San-Antonio_De-A-jusqu-a-Z,not_awarded
1968_Dhotel-Andre_L-Enfant-qui-disait-n-importe-quoi,not_awarded
1980_Siniac-Pierre_L-unijambiste-de-la-cote-284,not_awarded
1911_Leblanc-Maurice_La-frontiere,not_awarded
1958_Aragon-Louis_La-semaine-sainte,not_awarded
2003_Echenoz-Jean_Au-Piano,not_awarded
2003_Angot-Christine_Peau-d-ane,not_awarded
2010_Claro_CosmoZ,not_awarded
1963_Pagnol-Marcel_Manon-des-sources,not_awarded
1958_Beauvoir-Simone-de_Memoires-d-une-jeune-fille-rangee,not_awarded
1921_Barres-Maurice_Un-jardin-sur-l-Oronte,not_awarded
1911_Rolland-Romain_Jean-Christophe_Tome-IX-Le-buisson-ardent,awarded
1968_Barjavel-Rene_La-nuit-des-temps,not_awarded
1947_Vian-Boris_L-automne-a-Pekin,not_awarded
2011_Abecassis-Agnes_Le-theoreme-de-cupidon,not_awarded
1954_Beauvoir-Simone-de_Les-Mandarins_2,awarded
1908_Bovet-Marie-Anne-de_Apres-le-divorce,not_awarded
2007_Nothomb-Amelie_Le-fait-du-Prince,not_awarded
1975_Sagan-Françoise_Des-yeux-de-soie,not_awarded
2015_Angot-Christine_Un-amour-impossible,not_awarded
1995_Echenoz-Jean_Les-Grandes-Blondes,not_awarded
1907_Apollinaire-Guillaume_Les-Onze-mille-verges-ou-les-Amours-d-un-hospodar,not_awarded
1951_Simenon-Georges_Maigret-au-Picratt-s,not_awarded
2020_Springora-Vanessa_Le-consentement,not_awarded
1941_Leblanc-Maurice_Les-Milliards-d-Arsene-Lupin,not_awarded
1933_Nizan-Paul_Antoine-Bloye,not_awarded
1971_Delbo-Charlotte_Auschwitz-et-apres_III--Mesure-de-nos-jours,not_awarded
1900_Colette_La-retraite-sentimentale,not_awarded
1935_Veuzit-Max-du_Fille-de-prince,not_awarded
1995_Laurens-Camille_Philippe,not_awarded
1905_Beaunier-Andre_Picrate-et-Simeon,not_awarded
1982_Chessex-Jacques_Judas-le-transparent,not_awarded
1914_Rolland-Romain_Colas-Breugnon,not_awarded
1954_San-Antonio_Rue-des-macchabees,not_awarded
1926_Delly_Elfrida-Norsten-le-secret-de-la-sarrasine,not_awarded
2014_Kerangal-Maylis-de_Reparer-les-vivants,not_awarded
1934_Simenon-Georges_Maigret,not_awarded
2004_Angot-Christine_Une-partie-du-coeur,not_awarded
1930_Genestoux-Magdeleine-du_Mademoiselle-trouble-fete,not_awarded
1912_Loti-Pierre_Un-pelerin-d-Angkor 2,not_awarded
1980_Le-Clezio-Jean-Marie-Gustave_Desert,not_awarded
1945_Gracq-Julien_Un-beau-tenebreux,not_awarded
1925_Delly_Les-ombres,not_awarded
2015_Enard-Mathias_Boussole,not_awarded
1920_Mauriac-François_La-chair-et-le-sang,not_awarded
1981_Delly_Ma-robe-couleur-du-temps,not_awarded
1974_Laine-Pascal_La-dentelliere,awarded
1953_Delly_Le-repaire-des-fauves,not_awarded
2012_Jourde-Pierre_Le-Marechal-absolu,not_awarded
1944_Camus-Albert_Le-premier-homme,not_awarded
1926_Kessel-Joseph_Les-Captifs,awarded
1953_Simenon-Georges_Maigret-se-trompe,not_awarded
1965_Delbo-Charlotte_Auschwitz-et-apres_I-Aucun-de-nous-ne-reviendra,not_awarded
2011_de-Vigan-Delphine_Rien-ne-s-oppose-a-la-nuit,awarded
1954_Simenon-Georges_Maigret-et-la-jeune-morte,not_awarded
1923_Delly_Dans-les-ruines,not_awarded
1954_Simonin-Albert_Le-cave-se-rebiffe,not_awarded
1935_Delly_Contes,not_awarded
1947_Bealu-Marcel_Journal-d-un-mort,not_awarded
1942_Fargue-Leon-Paul_Refuges,not_awarded
1912_Boylesve-Rene_Madeleine-jeune-femme,not_awarded
1912_Leblanc-Maurice_Le-Bouchon-de-cristal,not_awarded
1960_San-Antonio_Berceuse-pour-Berurier,not_awarded
1980_Siniac-Pierre_Reflets-changeants-sur-mare-de-sang,not_awarded
1912_Mille-Pierre_Louise-et-Barnavaux,not_awarded
1986_Tournier-Michel_La-Goutte-d-or,not_awarded
1911_Apollinaire-Guillaume_Les-exploits-d-un-jeune-don-Juan,not_awarded
2003_Daeninckx-Didier_La-route-du-Rom,not_awarded
1962_San-Antonio_Le-loup-habille-en-grand-mere,not_awarded
1951_Delly_La-maison-des-belles-colonnes-L'accusatrice,not_awarded
2006_Volodine-Antoine_Nos-animaux-preferes,not_awarded
2008_Cusset-Catherine_Un-brillant-avenir,awarded
1992_Modiano-Patrick_Un-cirque-passe,not_awarded
2003_Daeninckx-Didier_Je-tue-il,not_awarded
1967_Simon-Claude_Histoire,awarded
1979_Zevaco-Michel_Fiorinda-la-belle,not_awarded
1918_François-Fabie_Le-Retour-de-Linou,not_awarded
1995_Barjavel-Rene_Ravage,not_awarded
2011_Abecassis-Eliette_Et-te-voici-permise-a-tout-homme,not_awarded
1940_Delly_Le-drame-de-l'étang-aux-biches,not_awarded
1975_Cardinal-Marie_Les-mots-pour-le-dire,not_awarded
1930_Malraux-Andre_La-voie-royale,awarded
1926_Genevoix-Maurice_La-boite-a-peche,not_awarded
2015_Nothomb-Amelie_Le-crime-du-comte-Neville,not_awarded
2004_Grimbert-Philippe_Un-secret,awarded
1982_Yourcenar-Marguerite_Comme-l-eau-qui-coule,not_awarded
1913_Lermina-Jules_L-effrayante-aventure,not_awarded
1920_Leblanc-Maurice_Les-trois-yeux,not_awarded
1938_Nizan-Paul_La-Conspiration,awarded
1941_Simenon-Georges_Les-caves-du-Majestic,not_awarded
2013_Begaudeau-François_Le-moindre-mal,not_awarded
1918_Gustave-Le-Rouge-de-Brisay-Henri_L-Heroine-du-Colorado,not_awarded
1968_Modiano-Patrick_La-Place-de-l-etoile,not_awarded
2010_Volodine-Antoine_Ecrivains,not_awarded
1905_Le-Roy-Eugene_Le-moulin-du-Frau,not_awarded
1961_San-Antonio_Y-a-bon-San-Antonio,not_awarded
2009_Carrere-Emmanuel_D-autres-vies-que-la-mienne,not_awarded
1984_Michon-Pierre_Vies-Minuscules,not_awarded
1905_Rebell-Hugues_Gringalette,not_awarded
1985_Millet-Richard_Sept-passions-singulieres,not_awarded
1900_Verne-Jules-_Seconde-patrie,not_awarded
1975_Tournier-Michel_Les-Meteores,not_awarded
1981_Simon-Claude_Les-Georgiques,not_awarded
1948_Colette_L-Ingenue-libertine,not_awarded
1962_San-Antonio_San-Antonio-chez-les-Gones,not_awarded
1930_Galopin-Arnould_Le-sergent-Bucaille,not_awarded
2007_Volodine-Antoine_Songes-de-Mevlido,not_awarded
1951_Simenon-Georges_Maigret-et-la-grande-perche,not_awarded
1902_Gastyne-Jules-de_Le-lys-noir,not_awarded
1926_Zevaco-Michel_La-Fin-de-Fausta,not_awarded
1985_Jonquet-Thierry_la-bete-et-la-belle,not_awarded
1907_Zevaco-Michel_L-epopee-d-amour,not_awarded
1996_Vargas-Fred_Un-peu-plus-loin-sur-la-droite,not_awarded
2013_Jourde-Pierre_La-premiere-pierre,not_awarded
2009_Quignard-Pascal_La-barque-silencieuse,not_awarded
1953_Simenon-Georges_Maigret-et-l-homme-du-banc,not_awarded
2010_Nothomb-Amelie_Une-forme-de-vie,not_awarded
1960_San-Antonio_Du-sirop-pour-les-guepes,not_awarded
2013_Millet-Richard_Une-artiste-du-sexe,not_awarded
1963_Beauvoir-Simone-de_La-force-des-choses_1,not_awarded
1905_Verne-Jules_L-invasion-de-la-mer,not_awarded
1963_Green-Julien_Partir-avant-le-jour,not_awarded
1951_Delly_Reinette,not_awarded
1991_Combescot-Pierre_Les-filles-du-Calvaire,awarded
2000_Djian-Philippe_Vers-chez-les-blancs,not_awarded
1923_Martin-du-Gard-Roger_Les-Thibault_Tome-III-La-Belle-Saison,not_awarded
1966_Simenon-Georges_Maigret-et-l-affaire-Nahour,not_awarded
1913_Leroux-Gaston_L-epouse-du-soleil,not_awarded
1935_Delly_Un-marquis-de-Carabas,not_awarded
1956_San-Antonio_Des-gueules-d-enterrement,not_awarded
1917_Leblanc-Maurice_L-Eclat-d-obus,not_awarded
1967_San-Antonio_Beru-contre-San-Antonio,not_awarded
1931_Simenon-Georges_La-Guinguette-a-deux-sous,not_awarded
1911_Leroux-Gaston_Le-fauteuil-hante,not_awarded
1918_Delly_Sous-le-masque,not_awarded
1971_Simenon-Georges_Maigret-et-l-indicateur,not_awarded
1984_Djian-Philippe_Zone-erogene,not_awarded
1927_Bernanos-Georges_L-imposture,not_awarded
1965_De-Villiers-Gerard_SAS-a-Istanbul,not_awarded
1990_Tournier-Michel_Sept-contes,not_awarded
1939_Saint-Exupery-Antoine-de_Terre-des-hommes,awarded
1973_Rolin-Dominique_Lettre-au-vieil-homme,not_awarded
1938_Simenon-Georges_L-Improbable-Monsieur-Owen,not_awarded
1903_Buxy-B-de_La-Demoiselle-au-Bois-Dormant,not_awarded
2007_Damasio-Alain_La-Zone-du-Dehors,not_awarded
1960_Gary-Romain_La-promesse-de-l-aube,not_awarded
1956_Delly_Annonciade,not_awarded
1981_Bouvier-Nicolas_Le-poisson-scorpion,not_awarded
2013_Viel-Tanguy_La-Disparition-de-Jim-Sullivan,not_awarded
1949_Blondin-Antoine_L-Europe-buissoniere,not_awarded
1932_Simenon-Georges_Chez-les-Flamands,not_awarded
2011_Borromee-Pierre_L-hermine-etait-pourpre,not_awarded
1961_Robbe-Grillet-Alain_L-Annee-derniere-a-Marienbad,not_awarded
1934_Montherlant-Henry-de_Les-celibataires,not_awarded
1943_Saint-Exupery-Antoine-de_Le-petit-prince,not_awarded
1904_Rolland-Romain_Jean-Christophe_Tome-III-L-adolescent,awarded
2008_Ernaux-Annie_Les-annees,not_awarded
1947_Calet-Henri_Trente-a-quarante,not_awarded
2006_Bergounioux-Pierre_La-fin-du-monde-en-avançant,not_awarded
1993_Carrere-Emmanuel_je-suis-vivant-et-vous-etes-morts,not_awarded
1912_Rolland-Romain_Jean-Christophe_Tome-X-La-nouvelle-journee,awarded
1958_San-Antonio_Du-poulet-au-menu,not_awarded
1902_Le-Rouge-Gustave_La-Princesse-des-airs_Tome-II,not_awarded
2006_Vargas-Fred_Dans-les-bois-eternels,not_awarded
1909_Feval-Paul-fils_Les-suites-de-lagardere_7-Le-parc-aux-cerfs,not_awarded
2004_Gavalda-Anna_Ensemble-c-est-tout,not_awarded
1984_Modiano-Patrick_Quartier-perdu,not_awarded
1931_Simenon-Georges_Le-pendu-de-Saint-Pholien,not_awarded
1907_Gide-Andre_Le-Retour-de-l-enfant-prodigue,not_awarded
1920_Boylesve-Rene_Le-dangereux-jeune-homme,not_awarded
1985_Duras-Marguerite_La-Douleur,not_awarded
1995_Ferney-Alice_L-elegance-des-veuves,not_awarded
1909_Lesueur-Daniel_Le-droit-a-la-force,not_awarded
1956_San-Antonio_Les-doigts-dans-le-nez,not_awarded
1982_Jonquet-Thierry_Memoire-en-cage,not_awarded
2003_Grange-Jean-Christophe_L-empire-des-loups,not_awarded
1935_Duhamel-Georges_La-nuit-de-la-Saint-Jean,not_awarded
1954_Beauvoir-Simone-de_Les-Mandarins_1,awarded
1951_Calet-Henri_Les-Grandes-Largeurs,not_awarded
1939_Fargue-Leon-Paul_Le-Pieton-De-Paris,not_awarded
1931_Drieu-la-Rochelle-Pierre_Le-Feu-follet,not_awarded
2001_Modiano-Patrick_La-Petite-Bijou,not_awarded
1985_Tansi-Sony-Labou_Les-Sept-Solitudes-de-Lorsa-Lopez,not_awarded
2010_Enard-Mathias_Parle-leur-de-batailles-de-rois-et-d-elephants,not_awarded
1978_Modiano-Patrick_Rue-des-boutiques-obscures,awarded
2012_Adam-Olivier_Les-Lisieres,not_awarded
1963_Simenon-Georges_Maigret-et-le-clochard,not_awarded
1950_Delly_Le-violon-du-tzigane,not_awarded
1992_Nothomb-Amelie_Hygiene-de-l-assassin,not_awarded
1959_Magali_L'absente,not_awarded
2012_Nothomb-Amelie_Barbe-bleue,not_awarded
1958_Pagnol-Marcel_Le-Chateau-de-ma-mere,not_awarded
1974_San-Antonio_Si-Signore,not_awarded
1922_Colette_La-maison-de-Claudine,not_awarded
1949_Simenon-Georges_Maigret-et-la-vieille-dame,not_awarded
1908_France-Anatole_L_Ile-Des-Pingouins,not_awarded
1956_Thomas-Henri_La-nuit-de-Londres,not_awarded
1929_Colette_La-Seconde,not_awarded
1926_Leroux-Gaston_Le-coup-d-Etat-de-Cheri-Bibi,not_awarded
1906_Le-Rouge-Gustave_La-Reine-des-elephants,not_awarded
1999_Adam-Olivier_Je-vais-bien-ne-t-en-fais-pas,not_awarded
1968_San-Antonio_Un-elephant-ça-trompe,not_awarded
1948_Calet-Henri_Le-tout-sur-le-tout,not_awarded
1900_Dhanys-Marcel_Le-voeu-de-Phanette,not_awarded
2013_Foenkinos-David_Je-vais-mieux,not_awarded
1969_Magali_La-prisonniere,not_awarded
1954_Veuzit-Max-du_L'amour-releve-le-gant,not_awarded
1970_San-Antonio_Ça-mange-pas-de-pain,not_awarded
1925_Leroux-Gaston_Les-Tenebreuses_2,not_awarded
1956_Delly_La-maison-dans-la-foret,not_awarded
1972_Gary-Romain_Europa,not_awarded
1955_Delly_Ourida,not_awarded
1923_Delly_La-chatte-blanche,not_awarded
2010_Claudel-Philippe_L-Enquete,not_awarded
1968_Yourcenar-Marguerite_L-Oeuvre-Au-Noir,awarded
1993_Villard-Marc_La-porte-de-derriere,not_awarded
1942_Aragon-Louis_Les-Voyageurs-de-l-Imperiale,not_awarded
1954_Simenon-Georges_Maigret-a-l-ecole,not_awarded
1901_Lorrain-Jean_Monsieur-de-Phocas-Astarta--Roman,not_awarded
1959_Delly_L'illusion-orgueilleuse-suivi-de-La-voie-divine,not_awarded
2002_Rolin-Olivier_Tigre-en-papier,not_awarded
2010_Echenoz-Jean_Des-eclairs,not_awarded
1918_Leroux-Gaston_Les-etranges-noces-de-Rouletabille,not_awarded
2008_Rouaud-Jean_La-fiancee-juive,not_awarded
1920_Leroux-Gaston_Rouletabille-chez-Krupp,not_awarded
1993_Hemon-Louis_Ecrits-sur-le-Quebec,not_awarded
1991_Bauchau-Henry_Diotime-et-les-lions,not_awarded
1928_Martin-du-Gard-Roger_Les-Thibault_Tome-4-La-consultation,not_awarded
1944_Simenon-Georges_Signe-Picpus,not_awarded
1994_Volodine-Antoine_Le-nom-des-singes,not_awarded
1996_Michon-Pierre_La-Grande-Beune,not_awarded
1947_Camus-Albert_La-peste,not_awarded
1946_Delly_Les-hiboux-des-roches-rouges,not_awarded
1908_Zevaco-Michel_La-Fausta,not_awarded
2006_Lemaitre-Pierre_Travail-Soigne,not_awarded
2013_Djian-Philippe_Love-Song,not_awarded
1931_Nizan-Paul_Aden-Arabie,not_awarded
1917_Mac-Orlan-Pierre_Le-chant-de-l-equipage,not_awarded
2013_Begaudeau-François_Deux-singes-ou-ma-vie-politique,not_awarded
1983_Tournier-Michel_Gilles-et-Jeanne,not_awarded
2001_Gailly-Christian_Un-soir-au-club,awarded
1958_Very-Pierre_Les-disparus-de-Saint-Agil,not_awarded
1955_Veuzit-Max-du_A-l'ombre-d'un-coeur,not_awarded
2004_Foenkinos-David_Le-potentiel-erotique-de-ma-femme,not_awarded
1977_San-Antonio_Remets-ton-slip-gondolier,not_awarded
2013_Janin-Mathilde_Riviera,not_awarded
1926_Ramuz-Charles-Ferdinand_La-grande-peur-dans-la-montagne,not_awarded
2008_Lemaitre-Pierre_Robe-de-Marie,not_awarded
1944_Simenon-Georges_L-Inspecteur-cadavre,not_awarded
2012_Grange-Jean-Christophe_Kaiken,not_awarded
1900_Allais-Alphonse_Ne-nous-frappons-pas,not_awarded
1919_Dumur-Louis_Nach-Paris-Roman,not_awarded
2012_Modiano-Patrick_L-herbe-des-nuits,not_awarded
1955_Ikor-Roger_Les-eaux-melees,not_awarded
1995_Kristof-Agota_Hier,not_awarded
1993_Bergounioux-Pierre_Le-Grand-Sylvain,not_awarded
2011_Reinhardt-Eric_Le-systeme-Victoria,not_awarded
1910_Ivoi-Paul-d-_Millionnaire-malgre-lui_tome-1,not_awarded
1921_Alanic-Mathilde_Aime-et-tu-renaitras,not_awarded
2016_Begaudeau-François_Molecules,not_awarded
1979_Echenoz-Jean_Le-meridien-de-Greenwich,not_awarded
1935_Crevel-René_Le-roman-cassé,not_awarded
1918_Delly_Le-mystere-de-Ker-Even,not_awarded
1954_Delly_L'heritier-des-ducs-de-Sailles,not_awarded
1951_Beckett-Samuel_Malone-meurt,not_awarded
1924_Delly_Le-roi-de-Kidji-le-secret-de-la-sarrasine,not_awarded
1943_Simenon-Georges_Les-dossiers-de-l-Agence-O,not_awarded
1971_Yourcenar-Marguerite_Alexis-ou-le-Traite-du-Vain-Combat-Le-Coup-de-Grace,not_awarded
2007_Millet-Richard_Corps-en-dessous,not_awarded
1956_San-Antonio_Fais-gaffe-a-tes-os,not_awarded
1977_Modiano-Patrick_Livret-de-famille,not_awarded
1943_Barjavel-Rene_Le-voyageur-imprudent,not_awarded
1905_Saint-Ogan-Claude_A-la-belle-etoile,not_awarded
1941_Colette_Julie-de-Carneilhan,not_awarded
1960_Simenon-Georges_Maigret-aux-assises,not_awarded
2002_Daeninckx-Didier_Leurre-de-verite-et-autres-nouvelles,not_awarded
1964_San-Antonio_Berurier-au-serail,not_awarded
2011_Bauchau-Henry_L-Enfant-rieur,not_awarded
1903_Strauss-Renee-Paul_Au-pays-basque,not_awarded
1978_Antelme-Robert_l-espece-humaine,not_awarded
2008_Musso-Guillaume_Je-reviens-te-chercher,not_awarded
1991_Michon-Pierre_Rimbaud-le-fils,not_awarded
1929_Chardonne-Jacques_Les-Varais,not_awarded
1910_Pergaud-Louis_De-Goupil-a-Margot,awarded
1936_Bernanos-Georges_Le-Journal-d-un-cure-de-campagne,not_awarded
1956_San-Antonio_Au-suivant-de-ces-messieurs,not_awarded
1903_Vogue-Eugene-Melchior-de_Le-Maitre-de-la-mer,not_awarded
2007_de-Vigan-Delphine_No-et-moi,not_awarded
1994_Rolin-Olivier_Port-Soudan,awarded
1946_Delly_Les-deux-crimes-de-Thecle,not_awarded
2011_Oster-Christian_Rouler,not_awarded
1932_Leblanc-Maurice_Les-dents-du-tigre,not_awarded
1916_Delly_La-fin-d'une-Walkyrie,not_awarded
1934_Delly_La-douloureuse-victoire,not_awarded
1933_Crevel-René_Les-pieds-dans-le-plat,not_awarded
2013_Forest-Philippe_Le-Chat-de-Schrodinger,not_awarded
1958_San-Antonio_Le-secret-de-polichinelle,not_awarded
1983_Sarraute-Nathalie_Enfance,not_awarded
1906_Mistral-Frederic_Mes-origines,not_awarded
1950_Simenon-Georges_L-amie-de-madame-Maigret,not_awarded
1951_Gracq-Julien_Le-rivage-des-Syrtes,awarded
1920_Colette_Cheri,not_awarded
1901_Thurner-Georges_Mademoiselle-Flammette.,not_awarded
2001_Vargas-Fred_Pars-vite-et-reviens-tard,not_awarded
1960_Bealu-Marcel_Contes-du-demi-sommeil,not_awarded
1902_Laurie-Andre_Memoires-d-un-collegien-russe,not_awarded
1902_Bazin-Rene_Contes-de-bonne-Perrette,not_awarded
1991_Boileau-Narcejac_La-main-passe,not_awarded
2005_Darrieussecq-Marie_Le-pays,not_awarded
1901_Mael-Pierre_Un-mousse-de-Surcouf,not_awarded
1926_Delly_Le-secret-de-la-Luzette,not_awarded
1991_Quignard-Pascal_Tous-Les-Matins-Du-Monde,not_awarded
1984_Des-Forets-Rene-Louis_Un-malade-en-foret,not_awarded
1944_Simenon-Georges_Les-nouvelles-enquetes-de-Maigret,not_awarded
1928_Montorgueil-Georges_La-Vie-extraordinaire-de-Robert-Macaire,not_awarded
1908_Rolland-Romain_Jean-Christophe_Tome-VII-Dans-la-maison,awarded
1973_Simon-Claude_Triptyque,not_awarded
1917_Alanic-Mathilde_L'essor-des-colombes,not_awarded
1961_San-Antonio_La-fin-des-haricots,not_awarded
2007_Musso-Guillaume_Parce-que-je-t-aime,not_awarded
2006_Nimier-Marie_La-Reine-du-silence,awarded
1999_Nothomb-Amelie_Le-Mystere-par-excellence,not_awarded
1950_Bernanos-Georges_Un-mauvais-reve,not_awarded
1953_Veuzit-Max-du_Chatelaine-un-jour...,not_awarded
1921_Leroux-Gaston_Les-cages-flottantes,not_awarded
1908_Bazin-Rene_Le-Mariage-de-Mademoiselle-Gimel-Dactylographe,not_awarded
1975_Blondin-Antoine_Quat-saisons,not_awarded
1905_Lermina-Jules_To-Ho-Le-Tueur-d-or,not_awarded
2003_Modiano-Patrick_Accident-nocturne,not_awarded
1993_Germain-Sylvie_Immensites,not_awarded
1967_San-Antonio_Faut-etre-logique,not_awarded
1950_Delly_Folie-de-sages,not_awarded
1976_San-Antonio_Sucette-boulevard,not_awarded
1932_Simenon-Georges_Le-Fou-de-Bergerac,not_awarded
1940_Martin-du-Gard-Roger_Les-Thibault_Tome-VIII-Epilogue,not_awarded
2016_Echenoz-Jean_Envoyee-speciale,not_awarded
1956_Gary-Romain_Les-Racines-du-Ciel,awarded
1950_Vian-Boris_L-herbe-rouge,not_awarded
1945_Delly_La-maison-des-rossignols,not_awarded
1927_Bourget-Paul_Nos-actes-nous-suivent_tome-1,not_awarded
1922_Morand-Paul_Ouvert-la-nuit,not_awarded
1909_Leblanc-Maurice_L-Aiguille-creuse,not_awarded
1929_Giono-Jean_Colline,not_awarded
1953_de-La-Varende-Jean_L-Homme-aux-gants-de-toile,not_awarded
1954_Delly_La-fee-de-Kermoal,not_awarded
2002_Calet-Henri_Poussieres-de-la-route,not_awarded
1952_Calet-Henri_Un-Grand-Voyage,not_awarded
2018_Murail-Marie-Aude_En-nous-beaucoup-d-hommes-respirent,not_awarded
2010_Kerangal-Maylis-de_Naissance-d-un-pont,awarded
1910_Corday-Michel_Les-casseurs-de-bois,not_awarded
1932_Simenon-Georges_Liberty-Bar,not_awarded
1917_Bernede-Arthur_Judex,not_awarded
2005_Kristof-Agota_C-est-egal,not_awarded
1936_Montherlant-Henry-de_Pitie-pour-les-femmes,not_awarded
1934_Aragon-Louis_Les-Cloches-de-Bale,not_awarded
1964_Simenon-Georges_La-patience-de-Maigret,not_awarded
1960_Troyat-Henri_La-Barynia,not_awarded
1998_Rouaud-Jean_Pour-vos-cadeaux,not_awarded
1925_Crevel-Rene_Mon-corps-et-moi,not_awarded
1989_Celine-Louis-Ferdinand_Guignol-s-band,not_awarded
1908_Aicard-Jean_L-Illustre-Maurin,not_awarded
1941_Jaloux-Edmond_Les-Visiteurs,not_awarded
1978_Perec-Georges_La-Vie-mode-d-emploi,awarded
1961_San-Antonio_San-Antonio-chez-les-Mac,not_awarded
2007_Jouet-Jacques_Une-mauvaise-maire,not_awarded
1926_Bourget-Paul_Le-danseur-mondain,not_awarded
1961_Delly_Ahelya-fille-des-Indes,not_awarded
1941_Mac-Orlan-Pierre_L-Ancre-de-misericorde,not_awarded
1966_San-Antonio_Mange-et-tais-toi,not_awarded
2007_Forest-Philippe_Le-nouvel-amour,not_awarded
1948_Simenon-Georges_Les-vacances-de-Maigret,not_awarded
1919_Delly_Magali,not_awarded
1919_Loti-Pierre_Prime-jeunesse,not_awarded
1932_Audoux-Marguerite_La-fiancee,not_awarded
1934_Dabit-Eugene_Un-mort-tout-neuf,not_awarded
1945_Calet-Henri_Le-Bouquet,not_awarded
1960_Pagnol-Marcel_Le-Temps-des-Secrets,not_awarded
1954_Delly_L'orgueil-dompte,not_awarded
1907_Moselly-Emile_Terres-lorraines,awarded
2012_Damasio-Alain_Aucun-souvenir-assez-solide,not_awarded
1965_Perec-Georges_Les-choses,awarded
2015_Despentes-Virginie_Vernon-Subutex_T1,not_awarded
1951_Giono-Jean_Le-Hussard-sur-le-toit,not_awarded
1913_Mauriac-François_L-enfant-charge-de-chaines,not_awarded
1924_Descaves-Lucien_L-Hirondelle-sous-le-toit,not_awarded
2016_Murail-Marie-Aude_Sauveur-Fils_2,not_awarded
1913_Delly_Entre-deux-ames,not_awarded
1919_Bourget-Paul_Laurence-Albani,not_awarded
2005_Houellebecq-Michel_La-possibilite-d-une-ile,awarded
1981_Villard-Marc_Corvette-de-nuit,not_awarded
1913_Leroux-Gaston_Rouletabille-chez-le-tsar,not_awarded
1951_Delly_Le-rubis-de-l'emir,not_awarded
1950_Simenon-Georges_Un-nouveau-dans-la-ville,not_awarded
1997_Ferney-Alice_Grace-et-denuement,not_awarded
1998_Kundera-Milan_L-Identite,not_awarded
1926_Leroux-Gaston_Le-fils-de-trois-peres-Hardigras,not_awarded
1913_Delly_Dans-l'ombre-du-mystere,not_awarded
1921_Proust-Marcel_Le-Cote-de-Guermantes,not_awarded
1900_Roussel-Raymond_Chiquenaude,not_awarded
1966_San-Antonio_Salut-mon-Pope-,not_awarded
1900_Chabrier-Rieder-Charlotte_Les-epreuves-de-Charlotte,not_awarded
1911_Leroux-Gaston_Balaoo,not_awarded
1921_Leblanc-Maurice_Le-Formidable-Evenement,not_awarded
1961_San-Antonio_Ne-mangez-pas-la-consigne,not_awarded
1974_San-Antonio_Les-predictions-de-Nostraberus,not_awarded
1932_Celine-Louis-Ferdinand_Voyage-au-bout-de-la-nuit,awarded
1939_Montherlant-Henry-de_Les-lepreuses,not_awarded
1996_Bergounioux-Pierre_La-mort-de-Brune,not_awarded
1965_Sarrazin-Albertine_L-Astragale,not_awarded
1920_Duhamel-Georges_Confession-de-Minuit,not_awarded
1952_Simenon-Georges_Le-revolver-de-Maigret,not_awarded
2014_Adam-Olivier_Peine-perdue,not_awarded
1923_Larbaud-Valery_Amants-heureux-amants,not_awarded
1931_Leblanc-Maurice_La-Barre-y-va,not_awarded
1973_Barjavel-Rene_Le-Grand-Secret,not_awarded
1950_Veuzit-Max-du_Un-singulier-mariage,not_awarded
1906_Zevaco-Michel_Borgia-,not_awarded
1955_Simenon-Georges_Maigret-et-le-corps-sans-tete,not_awarded
2010_Volodine-Andoine_Les-aigles-puent,not_awarded
2015_Claro_Dans-la-queue-le-venin,not_awarded
1933_Leblanc-Maurice_Victor-de-la-Brigade-mondaine,not_awarded
1937_Delly_Les-heures-de-la-vie,not_awarded
1922_Delly_Le-fruit-mur,not_awarded
1960_San-Antonio_Du-brut-pour-les-brutes,not_awarded
2009_Vigan-Delphine-de_Les-heures-souterraines,not_awarded
1969_Marceau-Felicien_Creezy,awarded
1971_San-Antonio_N-en-jetez-plus,not_awarded
2014_Echenoz-Jean_Caprice-de-la-reine,not_awarded
2010_Houellebecq-Michel_La-Carte-et-le-territoire,awarded
1929_Saint-Exupery-Antoine-de_Courrier-Sud,not_awarded
1929_Martin-du-Gard-Roger_Les-Thibault_Tome-VI-La-mort-du-pere,not_awarded
2015_Musso-Guillaume_L-instant-present,not_awarded
1910_Zevaco-Michel_Triboulet,not_awarded
1914_Gide-Andre_Les-Caves-du-Vatican,not_awarded
1906_Bazin-Rene_Stephanette,not_awarded
1965_San-Antonio_Vas-y-Beru,not_awarded
1910_Graffigny-H-de_Le-tour-de-France-en-aeroplane,not_awarded
1928_Gide-Andre_Le-retour-du-Tchad,not_awarded
2012_Winckler-Martin_En-souvenir-d-Andre,not_awarded
1973_Deon-Michel_Un-Taxi-mauve,awarded
1947_Simenon-Georges_Maigret-a-New-York,not_awarded
1924_Crevel-René_Détours,not_awarded
1957_San-Antonio_La-tombola-des-voyous,not_awarded
1961_Simenon-Georges_Maigret-et-le-voleur-paresseux,not_awarded
1978_Boileau-Narcejac_Carte-vermeil,not_awarded
1948_Bealu-Marcel_L-Araignee-d-eau,not_awarded
1996_Darrieussecq-Marie_Truismes,not_awarded
1902_Le-Rouge-Gustave_La-Princesse-des-airs_Tome-I,not_awarded
2005_Quignard-Pascal_Les-Paradisiaques,not_awarded
1995_Carrere-Emmanuel_La-classe-de-neige,awarded
1960_Kessel-Joseph_Les-Mains-du-miracle,not_awarded
1922_Romains-Jules_Les-copains,not_awarded
1934_Veuzit-Max-du_La-chataigneraie,not_awarded
2013_Tesson-Sylvain_Dans-les-forets-de-Siberie,not_awarded
1972_Boileau-Narcejac_La-vie-en-miettes,not_awarded
1990_Perec-Georges_Je-suis-ne,not_awarded
1926_Mac-Orlan-Pierre_Les-clients-du-Bon-Chien-Jaune,not_awarded
1903_Adam-Paul_Au-soleil-de-juillet,not_awarded
1949_Delly_La-villa-des-serpents,not_awarded
2004_Angot-Christine_Les-Desaxes,not_awarded
1972_San-Antonio_Appelez-moi-cherie,not_awarded
1969_San-Antonio_En-avant-la-moujik,not_awarded
1917_Nadaud-Marcel_Chignole,not_awarded
1972_Veuzit-Max-du_Sa-maman-de-papier,not_awarded
1904_Fournier-Jules_Le-crime-de-Lachine,not_awarded
1982_Daeninckx-Didier_Mort-Au-Premier-Tour,not_awarded
1977_Pagnol-Marcel_Le-temps-des-amours,not_awarded
1912_Audoux-Marguerite_Valserine,not_awarded
1905_Delly_L'etincelle,not_awarded
2011_Quignard-Pascal_Les-solidarites-mysterieuses,not_awarded
2014_Foenkinos-David_Charlotte,not_awarded
1997_Beigbeder-Frederic_L-Amour-Dure-Trois-Ans,not_awarded
1911_Chantepleure-Guy_La-passagere,not_awarded
1983_Echenoz-Jean_Cherokee,awarded
1916_Zevaco-Michel_Le-Roi-amoureux,not_awarded
2000_Millet-Richard_Lauve-le-pur,not_awarded
1918_Leblanc-Maurice_Le-Triangle-d-or,not_awarded
1904_Moselly-Emile_Jean-des-Brebis-ou-Le-livre-de-la-misere,not_awarded
2011_Vargas-Fred_L-Armee-furieuse,not_awarded
1933_Colette_La-Chatte,not_awarded
1941_Simenon-Georges_La-maison-du-juge,not_awarded
1909_Ivoi-Paul-d-_L-Espion-X-323_Volume-II-Le-Canon-du-sommeil,not_awarded
1962_Troyat-Henri_Les-Dames-de-Siberie,not_awarded
1937_Bernanos-Georges_Nouvelle-histoire-de-Mouchette,not_awarded
1927_Proust-Marcel_Le-Temps-retrouve-A-la-recherche-du-temps-perdu,not_awarded
1923_Le-Rouge-Gustave_Les-Aventures-de-Todd-Marvel-detective-milliardaire,not_awarded
1938_Simenon-Georges_Ceux-du-Grand-Cafe,not_awarded
2010_Despentes-Virginie_Apocalypse-bebe,not_awarded
1908_Veuzit-Max-du_Le-mystere-de-Malbackt,not_awarded
1988_Yourcenar-Marguerite_Quoi-L-Eternite,not_awarded
1946_Veuzit-Max-du_Arlette-et-son-ombre,not_awarded
1924_Hemon-Louis_Colin-Maillard,not_awarded
2010_Forest-Philippe_Le-Siecle-des-nuages,not_awarded
1925_Istrati-Panait_Les-recits-d-Adrien-Zograffi_III,not_awarded
1964_San-Antonio_Votez-Berurier,not_awarded
1912_France-Anatole_Les-Dieux-ont-soif,not_awarded
1926_Istrati-Panait_Les-recits-d-Adrien-Zograffi_IV,not_awarded
1952_Delly_Le-chant-de-la-misere,not_awarded
1902_Allais-Alphonse_Le-Captain-Cap,not_awarded
2015_Roegiers-Patrick_L-autre-Simenon,not_awarded
1997_Gailly-Christian_Les-Evades,not_awarded
1948_Leroux-Gaston_Cheri-Bibi-et-Cecily,not_awarded
2005_Begaudeau-François_Un-democrate-Mick-Jagger,not_awarded
1904_Rolland-Romain_Jean-Christophe_Tome-II-Le-matin,awarded
1926_Zevaco-Michel_Les-Amours-du-Chico,not_awarded
1998_Jonquet-Thierry_Moloch,not_awarded
1922_Leblanc-Maurice_Le-Cercle-rouge,not_awarded
1969_Sagan-Françoise_Un-peu-de-soleil-dans-l-eau-froide,not_awarded
1963_Bouvier-Nicolas_L-usage-du-monde,not_awarded
2000_Ernaux-Annie_L-evenement,not_awarded
2014_Musso-Guillaume_Central-park,not_awarded
1957_Nemirovsky-Irene_Les-Feux-de-l-automne,not_awarded
1914_Apollinaire-Guillaume_Les-trois-Don-Juan,not_awarded
1905_Farrere-Claude_Les-civilises,awarded
2008_Echenoz-Jean_Courir,not_awarded
1930_Giono-Jean_Regain,not_awarded
1987_Daeninckx-Didier_Lumiere-noire,not_awarded
1979_Ajar-Emile-Gary-Romain_L-angoisse-du-roi-Salomon,not_awarded
1960_Delly_La-colombe-de-Rudsay-Manor,not_awarded
1920_Renard-Maurice_Les-Mains-d-Orlac,not_awarded
1982_A.D.G._On-n-est-pas-des-chiens,not_awarded
1972_Aragon-Louis_Aurelien,not_awarded
1935_Calet-Henri_La-belle-lurette,not_awarded
1956_San-Antonio_a-tu-et-a-toi,not_awarded
1918_Proust-Marcel_A-l-ombre-des-jeunes-filles-en-fleurs-A-la-recherche-du-temps-perdu,not_awarded
1987_Villard-Marc_Rebelles-de-la-nuit,not_awarded
1989_Echenoz-Jean_Lac,not_awarded
1927_Leblanc-Maurice_L-Homme-a-la-peau-de-bique,not_awarded
1959_Troyat-Henri_Les-compagnons-du-coquelicot,not_awarded
1999_Vargas-Fred_L-homme-a-l-envers,not_awarded
1960_San-Antonio_J-suis-comme-ça,not_awarded
1957_San-Antonio_J-ai-peur-des-mouches,not_awarded
2001_Gaude-Laurent_Cris,not_awarded
1941_Blanchot-Maurice_Thomas-l-Obscur,not_awarded
2010_Gailly-Christian_Lily-et-Braine,not_awarded
1924_Leroux-Gaston_La-machine-a-assassiner,not_awarded
1901_Louÿs-Pierre_Les-aventures-du-roi-Pausole,not_awarded
1904_Lesueur-Daniel_Le-marquis-de-Valcor,not_awarded
1912_Zevaco-Michel_La-Marquise-de-Pompadour,not_awarded
1989_Villard-Marc_La-dame-est-une-trainee,not_awarded
2012_Riboulet-Mathieu_Les-oeuvres-de-misericorde,awarded
1987_Bergounioux-Pierre_La-maison-rose,not_awarded
1910_Zevaco-Michel_L-Heroine,not_awarded
1921_Aragon-Louis_Anicet-ou-le-panorama,not_awarded
1911_Rosny-aine-J-H_La-guerre-du-feu,not_awarded
1911_Leroux-Gaston_Un-homme-dans-la-nuit,not_awarded
1946_Delly_Sainte-Nitouche,not_awarded
1965_San-Antonio_Tango-chinetoque,not_awarded
1934_Duhamel-Georges_Le-jardin-des-betes-sauvages,not_awarded
1942_Simenon-Georges_Cecile-est-morte,not_awarded
1951_Delly_La-maison-des-belles-colonnes-la-louve-devorante,not_awarded
1970_Gary-Romain_Chien-blanc,not_awarded
1981_Ernaux-Annie_La-femme-gelee,not_awarded
1922_Delly_Mitsi,not_awarded
1903_Dhanys-Marcel_Mesalliance,not_awarded
1925_Zevaco-Michel_Le-Fils-de-Pardaillan_tome-1,not_awarded
1971_Veuzit-Max-du_Rien-qu'une-nuit,not_awarded
2010_Gavalda-Anna_Desordre-et-Sentiments,not_awarded
1911_Chateaubriant-Alphonse-de_Monsieur-des-Lourdines,not_awarded
1908_Leblanc-Maurice_Arsene-Lupin-contre-Herlock-Sholmes,not_awarded
1954_Sagan-Françoise_Bonjour-tristesse,not_awarded
1953_Simonin-Albert_Touchez-pas-au-grisbi,not_awarded
2000_Sollers-Philippe_Passion-Fixe,not_awarded
1967_Perec-Georges_Un-homme-qui-dort,not_awarded
1998_Dugain-Marc_La-chambre-des-officiers,not_awarded
2011_Jenni-Alexis_L-art-francais-de-la-guerre,awarded
1955_Delly_Salvatore-Falnerra,not_awarded
1910_Delly_Esclave-ou-reine,not_awarded
1962_San-Antonio_Fleur-de-nave-vinaigrette,not_awarded
1970_Tournier-Michel_Le-Roi-des-Aulnes,awarded
1991_Modiano-Patrick_Fleurs-de-ruine,not_awarded
2009_Bergounioux-Pierre_Une-chambre-en-Hollande,not_awarded
1966_Delly_Une-mesalliance,not_awarded
1998_Daeninckx-Didier_Cannibale,not_awarded
2011_Millet-Richard_La-Fiancee-libanaise,not_awarded
1987_Rolin-Olivier_Bar-des-flots-noirs,not_awarded
1926_Delly_La-vengeance-de-Ralph,not_awarded
1929_Leblanc-Maurice_La-demeure-mysterieuse,not_awarded
1954_San-Antonio_Du-mouron-a-se-faire,not_awarded
1921_Delly_L'ondine-de-Capdeuilles,not_awarded
1921_Leroux-Gaston_Palas-et-Cheri-Bibi,not_awarded
1909_Giraudoux-Jean_Provinciales,not_awarded
1958_San-Antonio_La-verite-en-salade,not_awarded
1905_Darien-Georges_L-epaulette-Souvenirs-d-un-officier,not_awarded
1954_San-Antonio_Passez-moi-la-Joconde,not_awarded
2001_Bergounioux-Pierre_Le-premier-mot,not_awarded
2005_Nothomb-Amelie_Acide-sulfurique,not_awarded
1997_Grange-Jean-Christophe_Les-rivieres-pourpres,not_awarded
1948_Barjavel-Rene_Le-diable-l-emporte,not_awarded
1922_Leroux-Gaston_Le-coeur-cambriole,not_awarded
1968_San-Antonio_Zero-pour-la-question,not_awarded
1972_Yourcenar-Marguerite_Denier-du-reve,not_awarded
1933_Veuzit-Max-du_L'homme-de-sa-vie,not_awarded
2008_Bouraoui-Nina_Appelez-moi-par-mon-prenom,not_awarded
2007_Le-Linda_In-memoriam,not_awarded
1913_Gourmont-Remy-de_La-petite-ville,not_awarded
1992_Echenoz-Jean_Nous-trois,not_awarded
1901_Lesueur-Daniel_L-honneur-d-une-femme,not_awarded
1928_Cami-Pierre-Henri_le-jugement-dernier,not_awarded
1967_Simenon-Georges_Le-voleur-de-Maigret,not_awarded
1904_Toulet-Paul-Jean_Les-tendres-menages,not_awarded
2019_Murail-Marie-Aude_Sauveur-Fils_5,not_awarded
1930_Leblanc-Maurice_Le-Cabochon-d-emeraude,not_awarded
1922_Rolland-Romain_L-ame-enchantee-Annette-et-Sylvie_Volume-1,not_awarded
1962_Delly_Fille-de-chouans,not_awarded
1968_Guy-Des-Cars_La-revoltee,not_awarded
1905_Bazin-Rene_L-isolee,not_awarded
1957_Boileau-Narcejac_Les-magiciennes,not_awarded
1974_Sagan-Françoise_Un-profil-perdu,not_awarded
1906_Dondel-Du-Faouedic-Noemie_Le-journal-d-une-pensionnaire-en-vacances,not_awarded
1949_Simenon-Georges_La-premiere-enquete-de-Maigret,not_awarded
2013_Thiery-Danielle_La-petite-fille-de-Marie-Gare,not_awarded
1923_Leblanc-Maurice_Dorothee-danseuse-de-corde,not_awarded
1933_Leblanc-Maurice_La-femme-aux-deux-sourires,not_awarded
1908_Rolland-Romain_Jean-Christophe_Tome-VI-Antoinette,awarded
2013_Dabos-Christelle_La-Passe-miroir_1-Les-Fiances-de-l-hiver,not_awarded
1989_Perec-Georges_L-Infra-ordinaire,not_awarded
1975_San-Antonio_Certaines-l-aiment-chauve,not_awarded
1997_Modiano-Patrick_Dora-Bruder,not_awarded
2010_Millet-Richard_Tarnac,not_awarded
2012_Chandernagor-Françoise_Les-Dames-de-Rome,not_awarded
2010_Bergounioux-Pierre_Le-recit-absent-Le-baiser-de-sorciere,not_awarded
1924_Le-Rouge-Gustave_Cinq-nouvelles-extraordinaires,not_awarded
1908_Delly_L'exilee,not_awarded
1910_Zevaco-Michel_La-Cour-des-miracles,not_awarded
1947_Vian-Boris_L-ecume-des-jours,not_awarded
2003_Ferney-Alice_Dans-la-guerre,not_awarded
1922_Ades-Albert_Un-Roi-tout-nu,not_awarded
2017_Lopez-David_Fief,not_awarded
1958_San-Antonio_Tu-vas-trinquer-San-Antonio,not_awarded
1978_Tournier-Michel_Le-Coq-de-bruyere,not_awarded
2001_Houellebecq-Michel_Plateforme,not_awarded
1912_Courteline-Georges_Les-Linottes,not_awarded
1920_Leroux-Gaston_Aventures-effroyables-de-M-Herbert-de-Renich_Tome-I-Le-Capitaine-Hyx,not_awarded
1911_Giraudoux-Jean_L-ecole-des-indifferents,not_awarded
1974_A.D.G._Je-suis-un-roman-noir,not_awarded
1911_Barres-Maurice_Le-culte-du-moi_1-Sous-l'œil-des-barbares-nouvelle-edition,not_awarded
1995_Gailly-Christian_Be-Bop,not_awarded
1972_San-Antonio_Ca-ne-s-invente-pas,not_awarded
2002_Ernaux-Annie_L-Occupation,not_awarded
1908_Delly_Une-femme-superieure,not_awarded
1916_Leroux-Gaston_Le-chateau-noir,not_awarded
1917_Delly_La-petite-chanoinesse,not_awarded
1951_Beckett-Samuel_Molloy,not_awarded
1981_Delly_L'heritage-de-Cendrillon,not_awarded
1973_A.D.G._Berry-Story,not_awarded
2012_Perec-Georges_Le-Condottiere,not_awarded
1936_Nemirovsky-Irene_Jezabel,not_awarded
1991_Germain-Sylvie_L-Enfant-Meduse,not_awarded
1921_Bourget-Paul_Un-drame-dans-le-monde,not_awarded
1959_Sarraute-Nathalie_Le-Planetarium,not_awarded
2012_Deville-Patrick_Peste-et-cholera,awarded
1997_Vargas-Fred_Sans-feu-ni-lieu,not_awarded
1986_Daeninckx-Didier_Le-bourreau-et-son-double,not_awarded
1988_Bergounioux-Pierre_L-arbre-sur-la-riviere,not_awarded
1911_Marchal-Gustave_Tante-Meteore,not_awarded
1903_Leblanc-Maurice_Un-gentleman,not_awarded
1988_Michon-Pierre_Vie-de-Joseph-Roulin,not_awarded
1918_Laberge-Albert_La-Scouine,not_awarded
1963_Troyat-Henri_Sophie-ou-La-Fin-des-Combats,not_awarded
1942_Queneau-Raymond_Pierrot-mon-ami,not_awarded
1996_Rouaud-Jean_le-monde-a-peu-pres,not_awarded
1920_Boylesve-Rene_Le-carrosse-aux-deux-lezards-verts,not_awarded
1931_Simenon-Georges_Monsieur-Gallet-decede,not_awarded
1950_Simenon-Georges_Un-Noel-de-Maigret,not_awarded
2015_Quignard-Pascal_Mourir-de-penser,not_awarded
1923_Le-Rouge-Gustave_La-Dame-noire-des-frontieres,not_awarded
1936_Celine-Louis-Ferdinand_Mort-a-credit,not_awarded
1997_Bergounioux-Pierre_La-ligne,not_awarded
1913_Zevaco-Michel_Pardaillan-et-Fausta,not_awarded
1978_Yourcenar-Marguerite_Nouvelles-Orientales,not_awarded
1968_San-Antonio_Viva-Bertaga,not_awarded
1901_Dhanys-Marcel_Sur-les-marches-du-trone,not_awarded
1997_Des-Forets-Rene-Louis_Ostinato,not_awarded
1959_Veuzit-Max-du_La-belle-etrangere,not_awarded
1951_Veuzit-Max-du_Amour-fratricide,not_awarded
1979_Gary-Romain_Les-clowns-lyriques,not_awarded
1950_Delly_L'enfant-mysterieuse,not_awarded
1956_Delly_La-biche-au-bois,not_awarded
2014_Volodine-Antoine_Terminus-radieux,not_awarded
1905_Loti-Pierre_La-troisieme-jeunesse-de-Madame-Prune,not_awarded
2013_Desarthe-Agnes_Comment-j-ai-appris-a-lire,not_awarded
2006_Ferney-Alice_Les-Autres,not_awarded
2006_Jourde-Pierre_L-Heure-et-l-ombre,not_awarded
1912_Delly_Fleurs-du-foyer-fleurs-du-cloitre,not_awarded
2001_Robbe-Grillet-Alain_La-reprise,not_awarded
1919_Leblanc-Maurice_L-ile-aux-Trente-cercueils,not_awarded
1982_Modiano-Patrick_De-si-braves-garçons,not_awarded
1925_Bazin-Rene_Le-ble-qui-leve,not_awarded
1948_Delly_La-jeune-fille-emmuree,not_awarded
2013_Musso-Guillaume_Demain,not_awarded
1971_Tournier-Michel_Vendredi-ou-la-vie-sauvage,not_awarded
1931_Delly_Le-candelabre-du-temple,not_awarded
1969_Montherlant-Henry-de_Les-garçons,not_awarded
1926_Hemon-Louis_Battling-Malone-pugiliste,not_awarded
2003_Jourde-Pierre_Pays-perdu,not_awarded
1932_Kessel-Joseph_Fortune-Carree,not_awarded
1913_Bordeaux-Henry_La-Maison,not_awarded
2009_Pradeau-Christophe_La-grande-sauvagerie,not_awarded
1988_Orsenna-Erik_L-exposition-coloniale,awarded
2012_Kerangal-Maylis-de_Tangente-vers-l-est,not_awarded
1979_Zevaco-Michel_Le-Pre-aux-clercs,not_awarded
2005_Modiano-Patrick_Un-pedigree,not_awarded
1922_Martin-du-Gard-Roger_Les-Thibault_Tome-II-Le-penitencier,not_awarded
1912_Lensia-Jenny_Genie-du-foyer,not_awarded
1936_Giono-Jean_Les-vraies-richesses,not_awarded
1927_Bourget-Paul_Nos-actes-nous-suivent_tome-2,not_awarded
2003_Jouet-Jacques_Mon-bel-autocar,not_awarded
1921_Renard-Maurice_L-Homme-Truque,not_awarded
1981_Robbe-Grillet-Alain_Djinn,not_awarded
1911_Ivoi-Paul-d-_L-Espion-X-323_Volume-III-Du-sang-sur-le-Nil,not_awarded
1997_Sarraute-Nathalie_Ouvrez,not_awarded
2012_Roger-Marie-Sabine_Bon-retablissement,not_awarded
1930_Nemirovsky-Irene_Le-bal,not_awarded
1913_Pergaud-Louis_Le-roman-de-Miraut-chien-de-chasse,not_awarded
1945_Psichari-Ernest_L-appel-des-armes,not_awarded
1972_A.D.G._Les-trois-Badours,not_awarded
1970_Deon-Michel_Les-poneys-sauvages,awarded
1956_Malet-Leo_Corrida-aux-Champs-Elysees,not_awarded
1986_Jonquet-Thierry_Le-Manoir-Des-Immortelles,not_awarded
1935_Delly_Comme-un-conte-de-fees,not_awarded
2008_Kerangal-Maylis-de_Corniche-Kennedy,not_awarded
1997_Forest-Philippe_L-Enfant-eternel,not_awarded
2013_Toledo-Camille-de_Oublier-trahir-puis-disparaitre,not_awarded
2010_Bouraoui-Nina_Nos-baisers-sont-des-adieux,not_awarded
1975_San-Antonio_Dis-bonjour-a-la-dame,not_awarded
2005_Germain-Sylvie_Magnus,awarded
2017_Murail-Marie-Aude_Sauveur-Fils_3,not_awarded
2013_Fournel-Paul_La-Liseuse,not_awarded
1909_Zevaco-Michel_Nostradamus,not_awarded
1975_San-Antonio_La-vie-privee-de-Walter-Klozett,not_awarded
1978_Perec-Georges_Je-me-souviens,not_awarded
1900_Le-Roy-Eugene_Jacquou-Le-Croquant,not_awarded
1933_Simenon-Georges_L-Ecluse-n°1,not_awarded
1932_Lallier-Joseph_Le-spectre-menaçant,not_awarded
1927_Crevel-René_Babylone,not_awarded
1932_Simenon-Georges_L-Affaire-Saint-Fiacre,not_awarded
1914_Roussel-Raymond_Locus-Solus,not_awarded
1996_Despentes-Virginie_Les-Chiennes-savantes,not_awarded
1953_Delly_Cite-des-anges,not_awarded
1952_Queneau-Raymond_Le-Dimanche-De-La-Vie,not_awarded
1939_Veuzit-Max-du_L'inconnu-de-Castel-Pic,not_awarded
1904_Regnier-Henri-de_Les-Rencontres-de-M-de-Breot,not_awarded
1961_Troyat-Henri_La-gloire-des-vaincus,not_awarded
1960_Simon-Claude_La-Route-des-Flandres,not_awarded
2002_Chandernagor-Françoise_La-Chambre,not_awarded
1947_Laurent-Jacques_Caroline-Cherie-T.2,not_awarded
1943_Delly_Anita,not_awarded
2014_Ferney-Alice_Le-Regne-du-vivant,not_awarded
2000_Gailly-Christian_Nuage-rouge,not_awarded
1903_France-Anatole_Histoire-comique,not_awarded
1960_Delly_Les-deux-fraternites,not_awarded
1966_Perec-Georges_Quel-petit-velo-a-guidon-chrome-au-fond-de-la-cour-,not_awarded
1913_Rosny-aine-J-H_La-Force-mysterieuse,not_awarded
2017_Bortnikov-Dimitri_Face-au-Styx,not_awarded
1937_Audoux-Marguerite_Douce-Lumiere,not_awarded
1908_France-Anatole_Les-contes-de-Jacques-Tournebroche,not_awarded
1975_Modiano-Patrick_Villa-Triste,not_awarded
1971_Laurent-Jacques_Les-betises,awarded
1937_Giono-Jean_Batailles-dans-la-montagne,not_awarded
1927_Bernede-Arthur_Belphegor,not_awarded
1965_San-Antonio_La-rate-au-court-bouillon,not_awarded
1954_San-Antonio_Deuil-express,not_awarded
1919_Bazin-Rene_Les-Nouveaux-Oberle,not_awarded
1976_San-Antonio_Concerto-pour-porte-jarrelle,not_awarded
2011_Nothomb-Amelie_Tuer-le-pere,not_awarded
1908_Barbusse-Henri_L-enfer,awarded
1984_Jonquet-Thierry_Mygale,not_awarded
1909_Feval-Paul-fils_Les-suites-de-lagardere_8-La-reine-cotillon,not_awarded
2000_Druon-Maurice_Les-Rois-Maudits,not_awarded
2013_Abecassis-Eliette_Le-palimpseste-d-Archimede,not_awarded
2008_Rolin-Olivier_Un-chasseur-de-lions,not_awarded
1972_Veuzit-Max-du_Le-coeur-d'ivoire,not_awarded
1945_Bealu-Marcel_L-Experience-de-la-nuit,not_awarded
1924_Leblanc-Maurice_La-comtesse-de-Cagliostro,not_awarded
1924_Istrati-Panait_Les-recits-d-Adrien-Zograffi_II,not_awarded
1956_Simenon-Georges_Un-echec-de-Maigret,not_awarded
1921_Zevaco-Michel_Fleurs-de-Paris,not_awarded
2016_Rolin-Olivier_Veracruz,not_awarded
2002_Vargas-Fred_Coule-la-Seine,not_awarded
1918_Delly_Le-secret-du-Kou-Kou-Noor,not_awarded
1993_Rouaud-Jean_Des-hommes-illustres,not_awarded
1960_Simenon-Georges_Maigret-et-les-vieillards,not_awarded
1906_Level-Maurice_L-epouvante,not_awarded
1922_Mauriac-François_Le-baiser-au-lepreux,not_awarded
1952_Rebatet-Lucien_Les-Deux-Etendards,not_awarded
2010_Rufin-Jean-Christophe_Katiba,not_awarded
1923_Radiguet-Raymond_Le-diable-au-corps,not_awarded
1972_Modiano-Patrick_Les-boulevards-de-ceinture,awarded
1963_San-Antonio_Le-coup-du-pere-Francois,not_awarded
1934_Duhamel-Georges_Vue-de-la-terre-promise,not_awarded
1907_Zevaco-Michel_Les-Pardaillan,not_awarded
1904_Theuriet-Andre_Chanteraine,not_awarded
1947_Renard-Maurice_Le-Maitre-de-la-lumiere,not_awarded
1910_Cim-Albert_Le-petit-Leveille,not_awarded
1905_Dourliac-Arthur_Ma-petite,not_awarded
1993_Chevillard-Eric_La-nebuleuse-du-Crabe,not_awarded
1929_Nemirovsky-Irene_David-Golder,not_awarded
1956_Delly_Hoelle-aux-yeux-pers,not_awarded
2009_Djian-Philippe_Impardonnables,not_awarded
2003_Bergounioux-Pierre_Back-in-the-sixties,not_awarded
1917_Leroux-Gaston_L-homme-qui-revient-de-loin,not_awarded
1910_Leroux-Gaston_Le-parfum-de-la-Dame-en-noir,not_awarded
1925_Robida-Albert_Un-chalet-dans-les-airs,not_awarded
2008_Oster-Christian_Trois-hommes-seuls,not_awarded
2003_Millet-Richard_Le-renard-dans-le-nom,not_awarded
2006_Jouet-Jacques_L-amour-comme-on-l-apprend-a-l-Ecole-hoteliere,not_awarded
1903_Loti-Pierre_L-Inde-(sans-les-Anglais),not_awarded
1912_Bazin-Rene_Davidee-Birot,not_awarded
1934_Veuzit-Max-du_Un-mari-de-premier-choix,not_awarded
1942_Simenon-Georges_Menaces-de-mort,not_awarded
1928_Galopin-Arnould_Le-bacille,not_awarded
1907_Vanderem-Fernand_La-victime,not_awarded
1949_Simenon-Georges_Maigret-chez-le-coroner,not_awarded
1914_Zevaco-Michel_La-Reine-Sanglante,not_awarded
1986_Modiano-Patrick_Dimanches-d-aout,not_awarded
1913_Leroux-Gaston_La-Reine-du-Sabbat,not_awarded
1918_Rosny-aine-J-H_Le-Felin-geant,not_awarded
1972_A.D.G._La-marche-truque,not_awarded
1991_Gailly-Christian_L-Air,not_awarded
2014_Carrere-Emmanuel_Le-Royaume,not_awarded
2001_Bergounioux-Pierre_Simples-magistraux-et-autres-antidotes,not_awarded
1912_Zevaco-Michel_Le-Rival-du-Roi,not_awarded
2000_Beigbeder-Frederic_99-Francs,not_awarded
1910_Renard-Maurice_Le-Peril-Bleu,not_awarded
1971_A.D.G._Les-panadeux,not_awarded
1955_Dhotel-Andre_Le-pays-ou-l-on-n-arrive-jamais,awarded
2017_Murail-Marie-Aude_Sauveur-Fils_4,not_awarded
1953_Vian-Boris_L-arrache-coeur,not_awarded
1927_Rosny-aine-J-H_La-Femme-disparue,not_awarded
1922_Leroux-Gaston_Le-crime-de-Rouletabille,not_awarded
1953_San-Antonio_Descendez-le-a-la-prochaine,not_awarded
1999_Darrieussecq-Marie_Le-Mal-de-mer,not_awarded
1901_Bazin-Rene_Les-Oberle,not_awarded
2009_Viel-Tanguy_Paris-Brest,not_awarded
1954_Simon-Claude_Le-sacre-du-printemps,not_awarded
1921_Hemon-Louis_Maria-Chapdelaine,not_awarded
1987_Duras-Marguerite_La-Vie-Materielle,not_awarded
1903_Nion-François_Bellefleur-roman-d'un-comedien-au-XVIIe-siecle,not_awarded
1957_Celine-Louis-Ferdinand_D-un-chateau-L-autre,not_awarded
1928_Le-Rouge-Gustave_La-Vallee-du-desespoir,not_awarded
2010_Rolin-Jean_Le-Ravissement-de-Britney-Spears,not_awarded
1932_Leblanc-Maurice_De-minuit-a-sept-heures,not_awarded
1910_Lesueur-Daniel_Chacune-son-Reve,not_awarded
2013_Nothomb-Amelie_La-Nostalgie-heureuse,not_awarded
1930_Leblanc-Maurice_Le-prince-de-Jericho,not_awarded
1965_Le-Clezio-Jean-Marie-Gustave_La-fievre,not_awarded
1972_San-Antonio_T-es-beau-tu-sais,not_awarded
2014_Louis-Edouard_En-finir-avec-Eddy-Bellegueule,not_awarded
1962_Simenon-Georges_Maigret-et-le-client-du-samedi,not_awarded
1937_Montherlant-Henry-de_Le-demon-du-bien,not_awarded
2015_Sansal-Boualem_2084-La-fin-du-monde,not_awarded
1970_Veuzit-Max-du_La-Jeannette,not_awarded
1920_Leroux-Gaston_Aventures-effroyables-de-M-Herbert-de-Renich_Tome-II-La-Bataille-invisible,not_awarded
1968_Simenon-Georges_L-ami-d-enfance-de-Maigret,not_awarded
1953_San-Antonio_Du-plomb-dans-les-tripes,not_awarded
1902_Rebell-Hugues_Les-Nuits-chaudes-du-Cap-français,not_awarded
1968_Gary-Romain_La-Tete-coupable,not_awarded
1993_Modiano-Patrick_Chien-de-printemps,not_awarded
1925_Cendrars-Blaise_L-or,not_awarded
2011_Ardenne-Paul_Sans-visage,not_awarded
1926_Zevaco-Michel_La-Fin-de-Pardaillan,not_awarded
1905_Rolland-Romain_Jean-Christophe_Tome-IV-La-revolte,awarded
1922_Martin-du-Gard-Roger_Les-Thibault_Tome-I-Le-Cahier-gris,not_awarded
1989_Ayme-Marcel_La-jument-verte,not_awarded
2000_Carrere-Emmanuel_L-adversaire,not_awarded
1971_Dhotel-Andre_L-honorable-Monsieur-Jacques,not_awarded
1963_Simenon-Georges_La-colere-de-Maigret,not_awarded
1995_Nothomb-Amelie_Les-catilinaires,not_awarded
1963_Beauvoir-Simone-de_La-force-des-choses_2,not_awarded
2015_Germain-Sylvie_a-la-table-des-hommes,not_awarded
1953_Delly_Gwen-princesse-d'Orient,not_awarded
2009_Rouaud-Jean_La-femme-promise,not_awarded
1959_Simenon-Georges_Maigret-et-les-temoins-recalcitrants,not_awarded
1909_Le-Rouge-Gustave_La-Guerre-des-vampires,not_awarded
2008_Enard-Mathias_Zone,awarded
2001_Echenoz-Jean_Jerome-Lindon,not_awarded
1984_Germain-Sylvie_Le-Livre-des-Nuits,not_awarded
1944_Simenon-Georges_Felicie-est-la,not_awarded
2013_Korman-Cloe_Les-Saisons-de-Louveplaine,not_awarded
1996_Michon-Pierre_Le-Roi-du-bois,not_awarded
1901_Colette_Claudine-a-Paris,not_awarded
1916_Barbusse-Henri_Le-Feu,awarded
1909_Corday-Michel_Les-revelees,not_awarded
1999_Volodine-Antoine_Des-anges-mineurs,awarded
1909_Boylesve-Rene_La-jeune-fille-bien-elevee,not_awarded
1922_France-Anatole_La-vie-en-fleur,not_awarded
2002_Oster-Christian_Dans-le-train,not_awarded
1977_Ernaux-Annie_Ce-qu-ils-disent-ou-rien,not_awarded
1920_Audoux-Marguerite_L-atelier-de-Marie-Claire,not_awarded
1913_Alain-Fournier_Le-grand-Meaulnes,not_awarded
1970_Delbo-Charlotte_Auschwitz-et-apres_II--Une-connaissance-inutile,not_awarded
1934_Le-Faure-Georges_Le-brigadier-Floridor,not_awarded
1938_Larbaud-Valery_Aux-couleurs-de-Rome,not_awarded
1973_San-Antonio_J-ai-essaye-on-peut,not_awarded
2012_Djian-Philippe_Oh,not_awarded
1989_Daeninckx-Didier_La-mort-n-oublie-personne,not_awarded
1910_Farrere-Claude_Les-petites-alliees,not_awarded
1922_Montherlant-Henry-de_Le-Songe,not_awarded
1919_Giraudoux-Jean_Elpenor,not_awarded
1968_Simenon-Georges_Maigret-hesite,not_awarded
1901_Cim-Albert_Contes-et-souvenirs-de-mon-pays,not_awarded
1984_Daeninckx-Didier_Meurtres-pour-memoire,not_awarded
"2014_Daoud-Kamel_Meursault,contre-enquete",not_awarded
1968_Simonin-Albert_Le-Hotu,not_awarded
2015_Dabos-Christelle_La-Passe-miroir_2-Les-Disparus-du-Clairdelune,not_awarded
1928_Stendhal_Le-rose-et-le-vert,not_awarded
1921_Proust-Marcel_Sodome-et-Gomorrhe-A-la-recherche-du-temps-perdu,not_awarded
1926_Gide-Andre_Si-le-grain-ne-meurt,not_awarded
2004_Bouraoui-Nina_Poupee-Bella,not_awarded
1919_Colette_Mitsou,not_awarded
1938_Veuzit-Max-du_L'enfant-des-ruines,not_awarded
1923_Leblanc-Maurice_Les-Huit-Coups-de-l-horloge,not_awarded
1941_Bealu-Marcel_Memoires-de-l-ombre,not_awarded
1975_Gary-Romain_Au-dela-de-cette-limite-votre-ticket-n-est-plus-valable,not_awarded
1977_A.D.G_Le-grand-mome,not_awarded
2014_Rolin-Olivier_Le-Meteorologue,not_awarded
1937_Malraux-Andre_L-espoir,not_awarded
1950_Nimier-Roger_Le-Hussard-Bleu,not_awarded
2010_Bauchau-Henry_Deluge,not_awarded
1929_Delly_Une-misere-doree,not_awarded
1967_San-Antonio_Y-a-de-l-action,not_awarded
1998_Germain-Sylvie_Tobie-des-marais,not_awarded
1984_Kundera-Milan_L-insoutenable-legerete-de-l-etre,not_awarded
1923_Proust-Marcel_La-Prisonniere-A-la-recherche-du-temps-perdu,not_awarded
1911_Leroux-Gaston_L-homme-qui-a-vu-le-diable,not_awarded
2015_Begaudeau-François_La-politesse,not_awarded
2016_Cusset-Catherine_L-autre-qu-on-adorait,not_awarded
1922_Feval-Paul-fils_Le-Bossu_livre-deuxième-4-Mariquita,not_awarded
1981_Gary-Romain_Vie-et-mort-d-Emile-Ajar,not_awarded
1977_Yourcenar-Marguerite_Archives-du-Nord,not_awarded
2013_Ferrier-Michael_Fukushima-Recit-d-un-desastre,not_awarded
1986_Bergounioux-Pierre_La-bete-faramineuse,not_awarded
1970_Simenon-Georges_La-folle-de-Maigret,not_awarded
1982_Laurent-Jacques_Les-dimanches-de-Mademoiselle-Beaunon,not_awarded
2001_Rufin-Jean-Christophe_Rouge-Bresil,awarded
1959_San-Antonio_Tout-le-plaisir-est-pour-moi,not_awarded
1907_Segalen-Victor_Les-Immemoriaux,not_awarded
2016_Perec-Georges_L-Attentat-de-Sarajevo,not_awarded
1974_San-Antonio_Un-os-dans-la-noce,not_awarded
1904_Verne-Jules_Un-drame-en-Livonie,not_awarded
2011_Darrieussecq-Marie_Cleves,not_awarded
2008_Vargas-Fred_Un-lieu-incertain,not_awarded
1922_Margueritte-Victor_La-garçonne,not_awarded
1982_Barjavel-Rene_La-Tempete,not_awarded
1922_Jaloux-Edmond_L-escalier-d-or,not_awarded
1958_Simenon-Georges_Les-scrupules-de-Maigret,not_awarded
1951_Yourcenar-Marguerite_Les-Memoires-d-Hadrien,not_awarded
1927_Green-Julien_Adrienne-Mesurat,not_awarded
2011_Musso-Guillaume_L-appel-de-l-ange,not_awarded
1954_Cohen-Albert_Le-livre-de-ma-mere,not_awarded
1992_Bergounioux-Pierre_Le-matin-des-origines,not_awarded
1904_Gautier-Judith_Le-paravent-de-soie-et-d-or,not_awarded
1910_Fournier-Jules_Souvenirs-de-prison,not_awarded
1966_Beauvoir-Simone-de_Les-belles-images,not_awarded
1911_Larbaud-Valery_Fermina-Marquez,not_awarded
1994_Jonquet-Thierry_La-vie-de-ma-mere,not_awarded
1959_Simenon-Georges_Une-confidence-de-Maigret,not_awarded
1915_Bourget-Paul_Le-sens-de-la-mort,not_awarded
1926_Delly_L'infidele,not_awarded
2008_Nothomb-Amelie_Ni-d-Eve-ni-d-Adam,not_awarded
2013_Toussaint-Jean-Philippe_Nue,not_awarded
1904_Eekhoud-Georges_L-Autre-vue,not_awarded
1964_Duras-Marguerite_Le-Ravissement-de-Lol-V-Stein,not_awarded
1942_Camus-Albert_L-etranger,not_awarded
1974_Yourcenar-Marguerite_Souvenirs-pieux,not_awarded
1922_Galopin-Arnould_Memoires-d-un-cambrioleur-retire-des-affaires,not_awarded
1973_Vautrin-Jean_a-Bulletins-Rouges,not_awarded
1932_Veuzit-Max-du_Petite-comtesse,not_awarded
1988_Pagnol-Marcel_Jean-De-Florette,not_awarded
2000_Nothomb-Amelie_Metaphysique-des-tubes,not_awarded
2000_Claudel-Philippe_J-abandonne,not_awarded
1995_Millet-Richard_La-gloire-des-pythre,not_awarded
1908_Leroux-Gaston_Le-mystere-de-la-chambre-jaune,not_awarded
1963_San-Antonio_San-Antonio-polka,not_awarded
1909_Corday-Michel_Plaisirs-d-auto,not_awarded
1910_Leroux-Gaston_Le-Roi-Mystere,not_awarded
1995_Duras-Marguerite_Ecrire,not_awarded
1913_Martin-du-Gard-Roger_Jean-Barois,not_awarded
1909_Farrere-Claude_La-Bataille,awarded
1911_Gautier-Judith_En-chine-Merveilleuses-histoires,not_awarded
1993_Rolin-Olivier_L-Invention-du-monde,not_awarded
1931_Nemirovsky-Irene_Les-Mouches-d-automne,not_awarded
1995_Bergounioux-Pierre_Miette,not_awarded
2001_Bergounioux-Pierre_B-17-G,not_awarded
1994_Bergounioux-Pierre_La-Toussaint,not_awarded
1900_Beaugrand-Honore_La-chasse-galerie,not_awarded
1905_Ramuz-Charles-Ferdinand_Aline,not_awarded
1969_Mauriac-Francois_Un-adolescent-d-autrefois,not_awarded
1969_San-Antonio_Faut-il-vous-l-envelopper,not_awarded
2002_Tournier-Michel_Journal-Extime,not_awarded
1900_Eekhoud-Georges_La-faneuse-d-amour,not_awarded
1955_Delly_Le-roi-aux-yeux-de-reve,not_awarded
1998_Houellebecq-Michel_Les-particules-elementaires,not_awarded
1997_Bergounioux-Pierre_L-empreinte,not_awarded
1972_Giono-Jean_Les-recits-de-la-demi-brigade,not_awarded
2016_Foenkinos-David_Le-mystere-Henri-Pick,not_awarded
1912_Lafon-Andre_L-eleve-Gilles,not_awarded
1977_Gary-Romain_Charge-d-ame,not_awarded
1996_Daeninckx-Didier_Nazis-dans-le-metro,not_awarded
2010_Daeninckx-Didier_Galadio,not_awarded
2009_Nothomb-Amelie_Le-Voyage-d-hiver,not_awarded
2003_Millet-Richard_Ma-vie-parmi-les-ombres,not_awarded
1913_Barrès-Maurice_La-Colline-inspirée,not_awarded
2013_Lemaitre-Pierre_Au-revoir-la-haut,awarded
1966_Delly_La-lampe-ardente,not_awarded
1958_Kessel-Joseph_Le-lion,not_awarded
1976_Sarraute-Nathalie_disent-les-imbeciles,not_awarded
1952_Delly_L'orpheline-de-Ti-Carrec,not_awarded
1998_Daeninckx-Didier_La-Mort-en-Dedicace,not_awarded
1971_Simenon-Georges_Maigret-et-l-homme-tout-seul,not_awarded
1960_San-Antonio_San-Antonio-renvoie-la-balle,not_awarded
2014_Angot-Christine_La-Petite-Foule,not_awarded
1985_Carrere-Emmanuel_La-Moustache,not_awarded
2012_Enard-Mathias_Rue-des-voleurs,not_awarded
1972_Veuzit-Max-du_Mariage-dore,not_awarded
1934_Leblanc-Maurice_Le-chapelet-rouge,not_awarded
1956_San-Antonio_Ca-tourne-au-vinaigre,not_awarded
1984_Daeninckx-Didier_Le-der-des-ders,not_awarded
1931_Saint-Exupery-Antoine-de_Vol-de-nuit,awarded
1951_Simenon-Georges_Maigret-en-meuble,not_awarded
2008_Nunez-Laurent_Les-recidivistes,not_awarded
1965_De-Villiers-Gerard_SAS-contre-CIA,not_awarded
1943_Bernanos-Georges_Monsieur-Ouine,not_awarded
1994_Beigbeder-Frederic_Marc-Marronnier_Tome-2-Vacances-dans-le-coma,not_awarded
1957_San-Antonio_Les-anges-se-font-plumer,not_awarded
1955_Delly_Pour-l'amour-d'Ourida,not_awarded
1954_Reage-Pauline_Histoire-d-O,not_awarded
1922_Margueritte-Victor_Poum_(aventures-d-un-petit-garçon),not_awarded
1924_Leroux-Gaston_La-poupee-sanglante,not_awarded
1933_Delly_La-lune-d'or,not_awarded
1904_Loti-Pierre_Vers-Ispahan,not_awarded
1976_Ajar-Emile-Gary-Romain_Pseudo,not_awarded
1916_Zevaco-Michel_Don-Juan,not_awarded
2001_Millet-Richard_La-voix-d-alto,not_awarded
2014_Bouraoui-Nina_Standard,not_awarded
1990_Quignard-Pascal_La-raison,not_awarded
1949_Simenon-Georges_Mon-ami-Maigret,not_awarded
1910_Audoux-Marguerite_Marie-Claire,awarded
1954_San-Antonio_Serenade-pour-une-souris-defunte,not_awarded
1903_Huysmans-Joris-Karl_L'Oblat,not_awarded
1916_Ardel-Henri_Le-chemin-qui-descend,not_awarded
1966_Vian-Boris_Trouble-dans-les-andains,not_awarded
2013_Rolin-Jean_Ormuz,not_awarded
1960_Delly_Le-feu-sous-la-glace,not_awarded
1950_Fourre-Maurice_La-Nuit-du-Rose-Hotel,not_awarded
1968_Simenon-Georges_Maigret-a-Vichy,not_awarded
1956_Sagan-Françoise_Un-certain-sourire,not_awarded
1904_Le-Rouge-Gustave_L-Esclave-amoureuse,not_awarded
1967_San-Antonio_L-archipel-des-malotrus,not_awarded
2018_Mathieu-Nicolas_Leurs-enfants-apres-eux,not_awarded
1982_Le-Clezio-Jean-Marie-Gustave_La-ronde-et-autres-faits-divers,not_awarded
1947_Laurent-Jacques_Caroline-Cherie-T.1,not_awarded
2016_Claudel-Philippe_L-arbre-du-pays-Toraja,not_awarded
1928_Leroux-Gaston_Les-Mohicans-de-Babel,not_awarded
1925_Champsaur-Félicien_Dinah-Samuel,not_awarded
1950_Delly_Rue-des-trois-graces,not_awarded
1926_Bazin-Rene_Baltus-le-Lorrain,not_awarded
1942_Veuzit-Max-du_Moineau-en-cage,not_awarded
1908_Dhanys-Marcel_Marcel-Dhanys-Le-Roman-du-grand-Conde,not_awarded
1998_Constant-Paule_Confidence-pour-confidence,awarded
2002_Gavalda-Anna_Je-l-Aimais,not_awarded
2002_Djian-Philippe_Ça-c-est-un-baiser,not_awarded
1941_Ayme-Marcel_Le-travelingue,not_awarded
1913_Dombre-Roger_Un-tuteur-embarrasse,not_awarded
1959_San-Antonio_San-Antonio-met-le-paquet,not_awarded
1986_Quignard-Pascal_Le-salon-du-Wurtemberg,not_awarded
1947_Vian-Boris_Les-morts-ont-tous-la-meme-peau,not_awarded
2012_Angot-Christine_Une-semaine-de-vacances,not_awarded
2008_Rolin-Olivier_La-Chambre-des-cartes,not_awarded
1985_Daeninckx-Didier_Metropolice,not_awarded
1927_Gide-Andre_Les-Faux-monnayeurs,not_awarded
1900_Philippe-Charles-Louis_La-mere-et-l-enfant,not_awarded
1952_Delly_Le-roseau-brise,not_awarded
2016_Laurens-Camille_Celle-que-vous-croyez,not_awarded
1934_Vercel-Roger_Capitaine-Conan,awarded
2011_Gaude-Laurent_Pour-seul-cortege,not_awarded
1948_Delly_La-rose-qui-tue,not_awarded
1986_Duras-Marguerite_Les-Yeux-Bleus-Cheveux-Noirs,not_awarded
1990_Daeninckx-Didier_Le-facteur-fatal,not_awarded
2008_Bauchau-Henry_Le-Boulevard-peripherique,awarded
1943_Simenon-Georges_Le-petit-Docteur,not_awarded
1925_Zevaco-Michel_Le-fils-de-Pardaillan_tome-2,not_awarded
1954_San-Antonio_J-ai-bien-l-honneur-de-vous-buter,not_awarded
1954_Simenon-Georges_Maigret-chez-le-ministre,not_awarded
2004_Nothomb-Amelie_Biographie-de-la-faim,not_awarded
1922_Aragon-Louis_Les-aventures-de-Telemaque,not_awarded
1931_Simenon-Georges_Au-Rendez-vous-des-Terre-Neuvas,not_awarded
1976_Robbe-Grillet-Alain_Topologie-d-une-cite-fantome,not_awarded
1990_Modiano-Patrick_Voyage-de-noces,not_awarded
1904_Noailles-Anna-de_Le-visage-emerveille,not_awarded
2004_Volodine-Antoine_Bardo-or-not-Bardo,not_awarded
1971_San-Antonio_Moi-vous-me-connaissez,not_awarded
1955_San-Antonio_Le-fil-a-couper-le-beurre,not_awarded
2000_Quignard-Pascal_Terrasse-a-Rome,awarded
1953_Robbe-Grillet-Alain_Les-Gommes,not_awarded
2007_Bergounioux-Pierre_Les-forges-de-Syam,not_awarded
1930_Lallier-Joseph_Angeline-Guillou,not_awarded
1903_Ohnet-Georges_Marchand-de-Poison--Les-Batailles-de-la-Vie,not_awarded
1985_Villard-Marc_Le-sentier-de-la-guerre,not_awarded
1994_Camus-Albert_Le-premier-homme,not_awarded
1932_Guilloux-Louis_Hymenee,not_awarded
1992_Bergounioux-Pierre_L-orphelin,not_awarded
1952_Delly_La-porte-scellee,not_awarded
1922_Alanic-Mathilde_La-route-ardente,not_awarded
1933_Queneau-Raymond_Le-Chiendent,not_awarded
1921_Leroux-Gaston_Fatalitas-,not_awarded
1910_Bazin-Rene_La-barriere,not_awarded
2006_Echenoz-Jean_Ravel,not_awarded
1911_Montesquiou-Fezensac-Robert-de_La-petite-mademoiselle,not_awarded
1927_Gide-Andre_Voyage-au-Congo,not_awarded
1957_Delly_Berengere-fille-de-roi,not_awarded
1921_Allais-Alphonse_a-l-oeil,not_awarded
1955_Simenon-Georges_Maigret-tend-un-piege,not_awarded
1957_Delly_Le-sphinx-d'emeraude,not_awarded
1951_Delly_Sous-l'œil-des-brahmes,not_awarded
1904_Lesueur-Daniel_Madame-de-Ferneuse,not_awarded
1906_Farrere-Claude_L-homme-qui-assassina,not_awarded
1994_Chevillard-Eric_Prehistoire,not_awarded
2011_Djian-Philippe_Vengeances,not_awarded
1952_Delly_Malereyne,not_awarded
1935_Leblanc-Maurice_La-Cagliostro-se-venge,not_awarded
1983_Sagan-Françoise_Un-orage-immobile,not_awarded
2014_Mathieu-Nicolas_Aux-animaux-la-guerre,not_awarded
1984_Delly_Des-plaintes-dans-la-nuit,not_awarded
1954_Delly_Un-amour-de-prince,not_awarded
1947_Simenon-Georges_La-pipe-de-Maigret,not_awarded
1972_San-Antonio_Emballage-cadeau,not_awarded
1901_Ivoi-Paul-d-_Voyages-excentriques-Cigale-en-Chine,not_awarded
2004_Rufin-Jean-Christophe_Globalia,not_awarded
1998_Gailly-Christian_La-Passion-de-Martin-Fissel-Brandt,not_awarded
2008_Riboulet-Mathieu_L-Amant-Des-Morts,not_awarded
1905_Renard-Maurice_Fantomes-et-Fantoches,not_awarded
2007_Adam-Olivier_A-l-abri-de-rien,not_awarded
2011_Lemaitre-Pierre_Alex,not_awarded
1910_Leblanc-Maurice_813,not_awarded
1926_Montherlant-Henry-de_Les-bestiaires,not_awarded
1921_Morand-Paul_Tendres-stocks,not_awarded
1901_Soboleska-Mme_Les-Bonnes-idees-de-Mlle-Rose_Les-Enfants-au-ballon-elastique,not_awarded
1980_A.D.G._Pour-venger-Pepere,not_awarded
2013_Ferney-Alice_Cherchez-La-Femme,not_awarded
1984_Duras-Marguerite_L-Amant,awarded
1990_Volodine-Antoine_Lisbonne-derniere-marge,not_awarded
1994_Laurent-Jacques_Croire-a-Noel,not_awarded
2007_Darrieussecq-Marie_Tom-Est-Mort,not_awarded
1921_Bourget-Paul_L-Ecuyere,not_awarded
1908_Aicard-Jean_Maurin-des-Maures,not_awarded
1975_Simon-Claude_Leçon-De-Choses,not_awarded
1913_Zevaco-Michel_Buridan-le-heros-de-la-tour-Nesle,not_awarded
2001_Musso-Guillaume_Skidamarink,not_awarded
1908_Zevaco-Michel_Fausta-Vaincue,not_awarded
1925_Proust-Marcel_Albertine-disparue,not_awarded
1994_Bove-Emmanuel_Memoires-d-un-homme-singulier,not_awarded
1936_Morand-Paul_Milady-suivi-de-Monsieur-zero,not_awarded
1929_Dabit-Eugene_L-Hotel-du-Nord,not_awarded
2001_Simon-Claude_Le-tramway,not_awarded
1987_Chevillard-Eric_Mourir-m-enrhume,not_awarded
1950_Delly_Les-seigneurs-loups,not_awarded
1962_Simenon-Georges_Maigret-et-les-braves-gens,not_awarded
1904_Verne-Jules_Maitre-du-Monde,not_awarded
1951_Delly_Les-solitaires-de-Myols,not_awarded
1974_Ajar-Emile-Gary-Romain_Gros-Calin,not_awarded
1950_Duras-Marguerite_Un-barrage-contre-le-Pacifique,not_awarded
1997_Echenoz-Jean_Un-an,not_awarded
2010_Lemaitre-Pierre_Cadres-Noirs,not_awarded
1954_Veuzit-Max-du_Mirages,not_awarded
1936_Veuzit-Max-du_Le-vieux-puits,not_awarded
1942_Guilloux-Louis_Le-pain-des-reves,not_awarded
1961_Delly_Le-roi-des-Andes,not_awarded
1950_Delly_Aurore-de-Brusfeld,not_awarded
1987_Green-Julien_Les-Pays-lointains,not_awarded
1957_Simenon-Georges_Maigret-s-amuse,not_awarded
1905_Toulet-Paul-Jean_Mon-amie-Nane,not_awarded
1931_Simenon-Georges_Un-crime-en-Hollande,not_awarded
2000_Grange-Jean-Christophe_Le-concile-de-pierre,not_awarded
1902_Lemonnier-Camille_Les-Deux-Consciences,not_awarded
1980_Tournier-Michel_Gaspard-Melchior-Et-Balthazar,not_awarded
1950_Vian-Boris_Elles-ne-se-rendent-pas-compte,not_awarded
2007_Millet-Richard_L-orient-desert,not_awarded
1923_Bourget-Paul_La-Geôle,not_awarded
1967_Tournier-Michel_Vendredi-ou-les-limbes-du-Pacifique,awarded
1931_Simenon-Georges_La-nuit-du-carrefour,not_awarded
1975_Ajar-Emile-Gary-Romain_La-Vie-Devant-Soi,awarded
2003_Darrieussecq-Marie_White,not_awarded
2007_Chandernagor-Françoise_La-voyageuse-de-nuit,not_awarded
1996_Bouraoui-Nina_Le-Bal-des-murenes,not_awarded
1912_Pergaud-Louis_La-Guerre-des-boutons,not_awarded
1999_Echenoz-Jean_Je-m-en-vais,awarded
1906_Loti-Pierre_Les-Desenchantees,not_awarded
2002_Volodine-Antoine_Dondog,not_awarded
1909_Ivoi-Paul-d-_L-Espion-X-323_Volume-I-L-Homme-sans-visage,not_awarded
1956_Magali_Saison-perdue,not_awarded
1959_San-Antonio_Prenez-en-de-la-graine,not_awarded
1928_Colette_La-naissance-du-jour,not_awarded
1941_Morand-Paul_L-homme-presse,not_awarded
1953_Magali_La-voyageuse-clandestine,not_awarded
1998_Darrieussecq-Marie_Naissance-des-fantomes,not_awarded
1939_Colette_Duo-Le-Toutounier,not_awarded
1905_Cazin-Jeanne_Les-Saltimbanques-scenes-de-la-montagne,not_awarded
1930_Delly_La-maison-du-lis,not_awarded
1935_Bernanos-Georges_Un-crime,not_awarded
2018_Quignard-Pascal_L-enfant-d-Ingolstadt,not_awarded
2011_Gaude-Laurent_Les-Oliviers-du-Negus,not_awarded
2005_Millet-Richard_le-gout-des-femmes-laides,not_awarded
1994_Grange-Jean-Christophe_Le-vol-des-cigognes,not_awarded
2012_Jouet-Jacques_La-seule-fois-de-l-amour,not_awarded
2005_Musso-Guillaume_Sauve-moi,not_awarded
1995_Vargas-Fred_Debout-les-morts,not_awarded
1987_Echenoz-Jean_Equipee-malaise,not_awarded
2007_Jourde-Pierre_Carnet-d-un-voyageur-zoulou,not_awarded
1978_Delly_Le-testament-de-Mr.-d'Erquoy,not_awarded
1994_Tournier-Michel_Le-Miroir-des-idees,not_awarded
1928_Leblanc-Maurice_L-Agence-Barnett-et-Cie,not_awarded
1947_Simenon-Georges_Maigret-et-l-inspecteur-Malgracieux,not_awarded
1969_San-Antonio_Ma-langue-au-Chah,not_awarded
1910_Roussel-Raymond_Impressions-d-Afrique,not_awarded
1948_Vian-Boris_Et-on-tuera-tous-les-affreux,not_awarded
1951_Simenon-Georges_Maigret-Lognon-et-les-gangsters,not_awarded
1932_Simenon-Georges_L-ombre-chinoise,not_awarded
2000_Daeninckx-Didier_Ethique-en-toc,not_awarded
1917_Bourget-Paul_Lazarine,not_awarded
1900_Colette_Claudine-a-l-ecole,not_awarded
2006_Daeninckx-Didier_Itineraire-d-un-salaud-ordinaire,not_awarded
1954_San-Antonio_C-est-mort-et-ça-ne-sait-pas,not_awarded
1903_Bazin-Rene_Donatienne,not_awarded
1993_Daeninckx-Didier_Autres-lieux-et-autres-nouvelles,not_awarded
1972_Simenon-Georges_Maigret-et-Monsieur-Charles,not_awarded
1972_A.D.G._La-nuit-des-grands-chiens-malades,not_awarded
2009_Beigbeder-Frederic_Un-roman-français,not_awarded
1927_Colette_Le-Ble-en-herbe,not_awarded
1996_Gailly-Christian_L-Incident,not_awarded
1930_Simenon-Georges_Pietr-le-Letton,not_awarded
1905_Le-Rouge-Gustave_L-Espionne-du-grand-Lama,not_awarded
1989_Gailly-Christian_K.622,not_awarded
1928_Martin-du-Gard-Roger_Les-Thibault_Tome-5-La-Sorellina,not_awarded
1900_France-Anatole_Monsieur-Bergeret-a-Paris,not_awarded
1906_Galopin-Arnould_Le-Docteur-Omega,not_awarded
2008_Le-Clezio-Jean-Marie-Gustave_Ritournelle-de-la-faim,not_awarded
2008_Millet-Catherine_Jour-de-souffrance,not_awarded
1910_Rolland-Romain_Jean-Christophe_Tome-VIII-Les-amies,awarded
1962_San-Antonio_Menage-tes-meninges,not_awarded
1986_Kristof-Agota_Le-Grand-Cahier,not_awarded
1953_Beckett-Samuel_L-Innommable,not_awarded
2010_Riboulet-Mathieu_Avec-Bastien,not_awarded
1926_Leroux-Gaston_Le-fantome-de-l-Opera,not_awarded
1901_Boylesve-Rene_La-Becquee,not_awarded
1913_Proust-Marcel_Du-cote-de-chez-Swann-A-la-recherche-du-temps-perdu,not_awarded
1945_Bove-Emmanuel_Le-Piege,not_awarded
1953_Simenon-Georges_Maigret-a-peur,not_awarded
1933_Duhamel-Georges_Le-notaire-du-Havre,not_awarded
1921_Pagnol-Marcel_La-Petite-Fille-aux-yeux-sombres-suivi-de-Les-secrets-de-Dieu,not_awarded
1957_Vailland-Roger_La-Loi,not_awarded
2014_Modiano-Patrick_Pour-que-tu-ne-te-perdes-pas-dans-le-quartier,not_awarded
1918_France-Anatole_Le-Petit-Pierre,not_awarded
1908_Savine-Albert_L-Assassinat-de-la-Duchesse-de-Praslin,not_awarded
1969_Siniac-Pierre_La-Nuit-des-Auverpins,not_awarded
1936_Montherlant-Henry-de_Les-jeunes-filles,not_awarded
1970_Simenon-Georges_Maigret-et-le-marchand-de-vin,not_awarded
1958_Delly_Lysis,not_awarded
2002_Gaude-Laurent_La-Mort-du-roi-Tsongor,awarded
2001_Nothomb-Amelie_Cosmetique-de-l-ennemi,not_awarded
1912_Loti-Pierre_Un-pelerin-d-Angkor,not_awarded
1903_France-Anatole_Sur-la-pierre-blanche,not_awarded
1959_Sagan-Françoise_Aimez-vous-Brahms,not_awarded
2015_Riboulet-Mathieu_Entre-les-deux-il-n-y-a-rien,not_awarded
1972_A.D.G._Cradoque-s-band,not_awarded
1927_Leblanc-Maurice_La-demoiselle-aux-yeux-verts,not_awarded
"1931_Veuzit-Max-du_John,-chauffeur-russe",not_awarded
1930_Bernede-Arthur_L-Homme-au-masque-de-fer,not_awarded
1934_Colette_Les-Vrilles-de-la-vigne,not_awarded
1908_Rolland-Romain_Jean-Christophe_Tome-V-La-foire-sur-la-place,awarded
1933_Malraux-Andre_La-Condition-Humaine,awarded
2009_N-Diaye-Marie_Trois-femmes-puissantes,awarded
1989_Simon-Claude_L-Acacia,not_awarded
1969_Modiano-Patrick_La-Ronde-De-Nuit,not_awarded
1927_Leroux-Gaston_Mister-Flow,not_awarded
1992_Le-Linda_Les-Evangiles-du-crime,not_awarded
2009_Jourde-Pierre_Paradis-Noir,not_awarded
1987_Simon-Claude_L-invitation,not_awarded
1939_Sarraute-Nathalie_Tropismes,not_awarded
1991_Sagan-Françoise_Les-Faux-fuyants,not_awarded
2019_Dabos-Christelle_La-Passe-miroir_4-La-Tempete-des-echos,not_awarded
1920_Toulet-Paul-Jean_La-jeune-fille-verte,not_awarded
1971_Veuzit-Max-du_Mon-mari,not_awarded
1925_Genevoix-Maurice_Raboliot,awarded
1926_Galopin-Arnould_La-tenebreuse-affaire-de-Green-Park,not_awarded
1991_Perec-Georges_Cantatrix-Sopranica-L-Et-Autres-Ecrits-Scientifiques,not_awarded
1959_San-Antonio_On-t-enverra-du-monde,not_awarded
1932_Mauriac-François_Le-Noeud-de-viperes,not_awarded
1930_Colette_Sido,not_awarded
2013_Zeniter-Alice_Sombre-dimanche,awarded
1991_Vargas-Fred_L-homme-aux-cercles-bleus,not_awarded
2005_Bouraoui-Nina_Mes-mauvaises-pensees,awarded
1970_Blondin-Antoine_Monsieur-Jadis-ou-l-ecole-du-soir,not_awarded
1963_San-Antonio_Le-gala-des-emplumes,not_awarded
1907_Zevaco-Michel_Le-Capitan,not_awarded
1925_Leroux-Gaston_Les-Tenebreuses_1,not_awarded
1905_Verne-Jules_Le-Phare-du-Bout-du-Monde,not_awarded
2017_Dabos-Christelle_La-Passe-miroir_3-La-Memoire-de-Babel,not_awarded
1922_Segalen-Victor_Rene-Leys,not_awarded
1943_Malet-Leo_120-rue-de-la-Gare,not_awarded
1905_Veber-Pierre_L-aventure,not_awarded
1957_Malet-Leo_Boulevard-ossements,not_awarded
1997_Millet-Richard_L-amour-des-trois-soeurs-Piale,not_awarded
2014_Millet-Catherine_Une-enfance-de-reve,not_awarded
1902_Lesueur-Daniel_Le-meurtre-d-une-ame,not_awarded
1928_Delly_Coeurs-ennemis-Orietta,not_awarded
1921_Rosny-aine-J-H_L-Etonnant-Voyage-de-Hareton-Ironcastle,not_awarded
1958_Duras-Marguerite_Moderato-cantabile,not_awarded
2009_Toussaint-Jean-Philippe_La-Verite-sur-Marie,awarded
2003_Beigbeder-Frederic_Windows-on-the-World,awarded
1994_Millet-Richard_Un-balcon-a-Beyrouth,not_awarded
1919_Benoit-Pierre_L-Atlantide,awarded
1910_Level-Maurice_Les-portes-de-l-enfer,not_awarded
1932_Simenon-Georges_Le-Port-des-brumes,not_awarded
1964_Simenon-Georges_Maigret-se-defend,not_awarded
1907_Leblanc-Maurice_Arsene-Lupin-gentleman-cambrioleur,not_awarded
1955_Robbe-Grillet-Alain_Le-Voyeur,not_awarded
1946_Beauvoir-Simone-de_Tous-les-hommes-sont-mortels,not_awarded
1904_Leroux-Gaston_La-double-vie-de-Theophraste-Longuet,not_awarded
2007_Claudel-Philippe_Le-rapport-de-Brodeck,awarded
1983_Ernaux-Annie_La-place,awarded
1955_Simonin-Albert_Grisbi-or-not-grisbi,not_awarded
1936_Aragon-Louis_Les-Beaux-Quartiers,awarded
1977_A-D-G._Juste-un-rigolo,not_awarded
1926_Audoux-Marguerite_De-la-ville-au-moulin,not_awarded
1970_Beckett-Samuel_Le-Depeupleur,not_awarded
1963_San-Antonio_En-peignant-la-girafe,not_awarded
1938_Gracq-Julien_Au-chateau-d-Argol,not_awarded
1922_Bordeaux-Henry_Le-fantome-de-la-rue-Michel-Ange,not_awarded
1904_Rolland-Romain_Jean-Christophe_Tome-I-L-aube,awarded
1918_Le-Rouge-Gustave_Le-Mysterieux-Docteur-Cornelius,not_awarded
1942_Vercors_Le-silence-de-la-mer,not_awarded
1917_Boylesve-Rene_Le-Bonheur-a-cinq-sous,not_awarded
1907_Mael-Pierre_Le-Forban-noir,not_awarded
1930_Delly_Gille-de-Cesbres,not_awarded
1995_Chevillard-Eric_Un-fantome,not_awarded
1943_Genet-Jean_Notre-Dame-des-Fleurs,not_awarded
2011_Grange-Jean-Christophe_Le-passager,not_awarded
1975_San-Antonio_Maman-les-petits-bateaux,not_awarded
1975_Deon-Michel_Le-Jeune-homme-vert,not_awarded
2020_Melois-Clementine_Dehors-la-tempete,not_awarded
1951_San-Antonio_Les-souris-ont-la-peau-tendre,not_awarded
1911_Farrere-Claude_La-maison-des-hommes-vivants,not_awarded
1939_Leiris-Michel_L-Age-d-homme,not_awarded
1929_Bernanos-Georges_La-joie,awarded
1995_Sarraute-Nathalie_Ici,not_awarded
2007_Gailly-Christian_Les-Oublies,not_awarded
2013_Daeninckx-Didier_Tetes-de-maures,not_awarded
2012_Quignard-Pascal_Les-desarçonnes,not_awarded
1933_Veuzit-Max-du_Vers-l'unique,not_awarded
1924_Leblanc-Maurice_La-dent-d-Hercule-Petitgris,not_awarded
2001_Gavalda-Anna_L-echappee-belle,not_awarded
1986_Montherlant-Henry-de_Moustique,not_awarded
2013_Bergounioux-Pierre_Geologies,not_awarded
1949_Benoit-Pierre_La-dame-de-l-ouest,not_awarded
1959_San-Antonio_Entre-la-vie-et-la-morgue,not_awarded
1902_Colette_Claudine-en-menage,not_awarded
1968_San-Antonio_Bravo-docteur-Beru,not_awarded
1952_San-Antonio_Mes-hommages-a-la-donzelle,not_awarded
2014_Rouaud-Jean_Un-peu-la-guerre,not_awarded
2016_Murail-Marie-Aude_Sauveur-Fils_1,not_awarded
1935_Gide-Andre_Les-nouvelles-nourritures,not_awarded
2010_Millet-Richard_Le-Sommeil-Sur-Les-Cendres,not_awarded
1947_Simon-Claude_La-corde-raide,not_awarded
1990_Laurent-Jacques_Le-miroir-aux-tiroirs,not_awarded
1909_La-Brete-Jean-de_Aimer-quand-meme,not_awarded
2004_Grange-Jean-Christophe_La-Ligne-noire,not_awarded
2016_Ernaux-Annie_Memoire-de-fille,not_awarded
1902_Loti-Pierre_Les-derniers-jours-de-Pekin,not_awarded
1900_Mirbeau-Octave_Le-journal-d-une-femme-de-chambre,not_awarded
1954_Delly_Aelys-aux-cheveux-d'or,not_awarded
1926_Bernanos-Georges_Sous-le-soleil-de-Satan,not_awarded
1926_Crevel-René_La-mort-difficile,not_awarded
